year,adjectives
1970,[]
1970,[unhappilly]]
1970,[]
1970,[]
1970,"[famous], young]]"
1970,[shy]
1970,[]
1970,[]
1970,[]
1970,[general]]
1970,[cruel]]
1970,[cruel]]
1970,[interested]]
1970,[]
1970,[]
1970,[subordinate]]
1970,[]
1970,[]
1970,[young]]
1970,[]
1970,[]
1970,[]
1970,[]
1970,[wealthy]]
1970,[]
1970,[]
1970,[]
1970,[]
1970,[local]]
1970,[]
1970,[]
1970,[]
1970,[]
1970,[]
1970,[]
1970,[]
1970,[rich]]
1970,[]
1970,[]
1970,[]
1970,[]
1970,[]
1970,[young]]
1970,[handsome]]
1970,[Catholic]]
1970,[]
1970,[]
1970,[]
1970,[]
1970,[]
1970,[]
1970,[]
1970,[]
1970,[]
1970,[]
1970,[]
1970,[]
1970,[]
1970,[peaceful]]
1970,"[quiet, poor]]"
1970,[young]]
1970,[]
1970,[]
1970,[]
1970,[]
1970,[]
1970,[]
1970,[]
1970,[]
1970,[]
1970,[]
1970,[]
1970,[]
1970,[wealthy]]
1970,[]
1971,[]
1971,[]
1971,[]
1971,[]
1971,[fresh]]
1971,[]
1971,[]
1971,[sympathetic]]
1971,[]
1971,[]
1971,[mistake]]
1971,[]
1971,[]
1971,[biological]]
1971,[]
1971,[]
1971,[]
1971,[]
1971,[]
1971,[elderly]]
1971,[]
1971,[]
1971,[wrong]]
1971,[caravan]]
1971,[]
1971,[]
1971,[]
1971,[impertinent]]
1971,[]
1971,[blind]]
1971,[little]]
1971,[old]
1971,[]
1971,[]
1971,[]
1971,[dacoit]]
1971,[married]
1971,[horrified]]
1971,[]
1971,[crippled]]
1971,[]
1971,[honourable]]
1971,[]
1971,[]
1971,[]
1971,[]
1971,[local]]
1971,[assistant]
1971,[]
1971,[]
1971,[]
1971,[]
1971,[]
1971,[]
1971,[]
1971,[villainous]]
1971,[]
1971,[]
1971,[]
1971,[local]]
1971,[]
1971,[]
1971,[]
1971,[]
1971,[]
1971,[]
1971,[]
1971,[]
1971,[]
1971,[]
1971,[]
1971,[]
1971,[]
1971,[abstemious]]
1971,[uneducated]]
1971,[funny]
1971,[ignorant]]
1971,[]
1971,[comic]]
1971,[]
1971,[]
1971,[young]]
1971,[]
1971,[]
1971,[]
1971,[]
1971,[]
1971,[]
1971,[]
1971,[]
1971,[]
1971,[]
1971,[]
1971,[]
1971,[]
1971,[]
1971,[]
1971,[]
1971,[]
1971,[]
1971,[]
1971,[]
1971,[]
1971,[]
1971,[]
1971,[]
1971,[proud]]
1971,[]
1973,[]
1973,[]
1973,[]
1973,[]
1973,[]
1973,[]
1973,[]
1973,[]
1973,[young]]
1973,[]
1973,[late]]
1973,[]
1973,[]
1973,[]
1973,[]
1973,[]
1973,[]
1973,[]
1973,[]
1973,[]
1973,[]
1973,[]
1973,[]
1973,[]
1973,[]
1973,[]
1973,"[young], long]]"
1973,[real]
1973,[]
1973,[]
1973,[]
1973,[]
1973,[]
1973,[]
1973,"[innocent], dead]]"
1973,[cruel]
1973,[biological]]
1973,[frantic]]
1973,[]
1973,[]
1973,[]
1973,[]
1973,[]
1973,[]
1973,[]
1973,[]
1973,[]
1973,[]
1973,[]
1973,[]
1973,[]
1973,[]
1973,[]
1973,[]
1973,[]
1973,[]
1973,[]
1973,[young]]
1973,[]
1973,[distant]]
1973,[]
1973,[young]]
1973,[]
1973,[]
1973,[]
1973,[]
1973,[]
1973,[daughterto]]
1973,[seasonal]]
1973,[]
1973,[]
1973,"[honest, rich]]"
1973,[wealthy]
1973,[]
1973,[]
1973,[]
1973,[]
1973,[]
1973,[]
1973,[local]]
1973,[]
1974,[]
1974,[]
1974,[]
1974,[gorgeous]]
1974,[]
1974,[]
1974,[broken]]
1974,[]
1974,[]
1974,[]
1974,[]
1974,[]
1974,[]
1974,[]
1974,[]
1974,[]
1974,[illegitimate]]
1974,[]
1974,[]
1974,[]
1974,[]
1974,[]
1974,[]
1974,[]
1974,[]
1974,[]
1974,[]
1974,[snobby]]
1974,[ashamed]]
1974,[]
1974,[]
1974,[]
1974,[]
1974,[]
1974,[]
1974,[]
1974,[]
1974,[]
1974,[]
1974,[]
1974,[]
1974,[]
1974,[]
1974,[]
1974,[]
1974,[]
1974,[]
1974,[]
1974,[]
1974,[]
1974,[]
1974,[]
1974,[]
1974,[]
1974,[]
1974,[]
1974,[]
1974,[born]]
1974,[]
1974,[free]]
1974,[]
1974,[]
1974,[homeless]]
1974,[]
1974,[]
1974,[]
1974,[]
1974,[]
1974,[]
1974,[]
1974,[]
1974,[]
1974,[wealthy]]
1975,[]
1975,[]
1975,[]
1975,[honest]]
1975,[young]
1975,[]
1975,[]
1975,[]
1975,[]
1975,[]
1975,[]
1975,[]
1975,[old]]
1975,[]
1975,[]
1975,[]
1975,[]
1975,[]
1975,[brutally]]
1975,[]
1975,[]
1975,[furious]]
1975,[vengeful]
1975,[]
1975,[]
1975,[]
1975,[]
1975,[]
1975,[]
1975,[]
1975,[]
1975,[]
1975,[]
1975,[young]]
1975,[]
1975,[]
1975,[]
1975,[dead]]
1975,[]
1975,[]
1975,[little]]
1975,[]
1975,[]
1975,[old]]
1975,[wealthy]
1975,[]
1975,[wealthy]]
1975,[new]]
1975,[]
1975,[powerful]]
1975,[shy]]
1975,[]
1975,[]
1975,[]
1975,[]
1975,[]
1975,[]
1975,[]
1975,[]
1975,[]
1975,[]
1975,[widowed]]
1975,[]
1975,[]
1975,[jovial]]
1975,[retired]]
1975,[]
1975,[]
1975,[]
1975,[young]]
1975,[]
1975,[]
1975,[]
1975,[]
1975,[]
1975,[young]]
1975,[young]]
1975,[intimate]]
1975,[]
1975,[]
1975,[]
1975,[]
1975,[]
1976,[]
1976,[]
1976,[]
1976,[]
1976,[]
1976,[greedy]]
1976,"[dangerous], spoiled]]"
1976,[rich]
1976,[]
1976,[]
1976,[]
1976,[true]]
1976,[]
1976,[]
1976,[rich]]
1976,[]
1976,[old]]
1976,[poor]]
1976,[]
1976,[]
1976,[young]]
1976,[]
1976,[little]]
1976,[]
1976,[young]]
1976,[]
1976,[]
1976,[]
1976,[]
1976,[]
1976,[young]]
1976,[ferocious]]
1976,[]
1976,"[honest, rich]]"
1976,[corrupt]
1976,[]
1976,[furious]]
1976,[cunning]]
1976,[]
1976,[]
1976,[vengeful]]
1976,[]
1976,[]
1976,[]
1976,[]
1976,[]
1976,[]
1976,[]
1976,[]
1976,[]
1976,[]
1976,[]
1976,[]
1976,[]
1976,[]
1976,[]
1976,[]
1976,[]
1976,[]
1976,[]
1976,[powerful]]
1976,[shy]]
1976,[]
1976,[]
1976,[]
1976,[generous]]
1976,[]
1976,[]
1976,[second]]
1977,[unmarried]
1977,[]
1977,[]
1977,[]
1977,[criminal]]
1977,[young]]
1977,[]
1977,[]
1977,[]
1977,[]
1977,[]
1977,[spoilt]]
1977,[]
1977,[]
1977,[]
1977,[]
1977,[]
1977,[]
1977,[enraged]]
1977,[]
1977,[]
1977,[abusive]]
1977,[]
1977,[adoptive]]
1977,[]
1977,[]
1977,[]
1977,[]
1977,[]
1977,[biological]]
1977,[wealthy]
1977,[elderly]]
1977,[]
1977,[]
1977,[young]]
1977,[]
1977,[]
1977,[escaped]]
1977,[]
1977,[]
1977,[]
1977,[]
1977,[unattractive]]
1977,[]
1977,[opposite]]
1977,[nihilistic]]
1977,[]
1977,[]
1977,[successful]]
1977,[]
1977,[]
1977,[]
1977,[]
1977,[]
1977,[]
1977,[]
1977,[healthy]]
1977,[]
1977,[]
1977,[wealthy]]
1977,[]
1977,[]
1977,[]
1977,[]
1977,[]
1977,[]
1977,[rich]]
1977,[]
1977,[]
1977,[]
1977,[]
1977,[wealthy]]
1977,[]
1977,[]
1977,[]
1977,[]
1977,[crippled]]
1977,[]
1977,[]
1977,[]
1977,[]
1977,[]
1977,[real]]
1977,[]
1977,[]
1977,[rich]]
1977,[]
1977,[]
1977,[]
1977,[honest]]
1977,[]
1977,[]
1977,[]
1977,[]
1977,[]
1977,[]
1977,[dutiful]]
1977,"[real, shepherd]]"
1977,[old]
1977,[real]]
1977,[]
1977,[]
1977,[]
1977,[]
1977,[poor]]
1977,[]
1977,[young]]
1977,[]
1977,[]
1977,[]
1977,[]
1977,[rich]]
1977,[stubborn]
1977,"[poor, empathetic]]"
1977,[wealthy]
1977,[]
1977,[married]]
1977,[]
1977,[]
1978,[]
1978,[eccentric]]
1978,[young]
1978,[bethrothed]]
1978,[]
1978,[]
1978,[]
1978,[]
1978,[]
1978,[]
1978,[obedient]]
1978,[]
1978,[]
1978,[]
1978,[]
1978,[]
1978,[]
1978,[]
1978,[]
1978,[real]]
1978,[Interpol]
1978,[]
1978,[]
1978,[]
1978,[desperate]]
1978,[]
1978,[]
1978,[]
1978,[]
1978,[]
1978,[]
1978,[]
1978,[]
1978,[]
1978,[]
1978,[second]]
1978,[]
1978,[]
1978,[]
1978,[]
1978,[]
1978,[]
1978,[]
1978,[]
1978,[]
1978,[]
1978,[]
1978,[]
1978,[]
1978,[important]]
1978,[]
1978,[]
1978,[]
1978,[]
1978,[]
1978,[young]]
1978,[]
1978,[]
1978,[orphan]]
1978,[wealthy]]
1978,[]
1978,[]
1978,[]
1978,[]
1978,[]
1978,[]
1978,[]
1978,[Pakistani]]
1978,[]
1978,[]
1978,[]
1978,[]
1978,[]
1978,[]
1978,[]
1978,[]
1978,[]
1978,[]
1978,[]
1978,[]
1979,[]
1979,[]
1979,[grown]]
1979,[]
1979,[young]]
1979,[]
1979,[]
1979,[]
1979,[]
1979,[]
1979,[]
1979,[eligible]]
1979,"[young, young]]"
1979,[wealthy]
1979,[]
1979,[]
1979,[]
1979,[]
1979,[]
1979,[]
1979,[popular]]
1979,[]
1979,[]
1979,[]
1979,[]
1979,[]
1979,[]
1979,[]
1979,[]
1979,[]
1979,[]
1979,[]
1979,[]
1979,[young]]
1979,[]
1979,[]
1979,[]
1979,[]
1979,[]
1979,[]
1979,[]
1979,[]
1979,[]
1979,[reluctant]]
1979,[wealthy]]
1979,[]
1979,[]
1979,[]
1979,[]
1979,[excellent]]
1979,[illegitimate]]
1979,[]
1979,[]
1979,[]
1979,[]
1979,[]
1979,[]
1979,[]
1979,[Susainathanthe]]
1979,[]
1979,[]
1979,[young]]
1979,[]
1979,[]
1979,[]
1979,[beau]]
1979,"[old, hopeless]]"
1979,[hypochondriac]
1979,"[young], criminal]]"
1979,[sinister]
1979,[]
1979,[beloved]]
1979,[]
1979,[]
1979,[]
1979,[]
1979,[]
1979,[]
1979,[]
1979,[]
1979,[]
1979,[]
1979,[]
1979,[]
1979,[]
1979,[]
1979,[prosperous]]
1979,[wealthy]
1979,[]
1979,[]
1979,[]
1979,[]
1979,[]
1979,[]
1980,[]
1980,[dead]]
1980,[]
1980,[desperate]]
1980,[]
1980,[]
1980,[]
1980,[]
1980,[]
1980,[]
1980,[]
1980,[]
1980,[scheming]]
1980,[]
1980,[elderly]]
1980,[changed]]
1980,[]
1980,[]
1980,[]
1980,[]
1980,[]
1980,[]
1980,[]
1980,[rich]]
1980,[]
1980,[]
1980,[]
1980,[]
1980,[]
1980,[]
1980,[]
1980,[local]]
1980,[]
1980,[]
1980,[]
1980,[]
1980,[real]]
1980,[young]]
1980,[]
1980,[]
1980,[]
1980,[]
1980,[dead]]
1980,[]
1980,[rich]]
1980,[]
1980,[]
1980,[]
1980,[]
1980,[]
1980,[]
1980,[second]]
1980,[]
1980,[young]]
1980,[]
1980,[]
1980,[]
1980,[]
1980,[acerbic]]
1980,[]
1980,[Pakistani]]
1980,[]
1980,[]
1980,[]
1980,[]
1980,[]
1980,[]
1980,[]
1980,[]
1980,[]
1980,[]
1980,[adoptive]]
1980,[]
1980,[]
1980,[]
1980,[]
1980,[]
1980,[]
1980,[]
1980,[]
1980,[]
1980,[]
1980,[mysterious]]
1980,[]
1980,[angry]]
1980,[]
1980,[]
1980,[]
1980,[]
1980,[good]]
1980,[]
1980,[]
1980,[rich]]
1980,[]
1980,[following]]
1980,[]
1980,[leading]]
1980,[]
1980,[]
1980,[]
1980,[]
1980,[]
1980,[second]]
1980,[]
1980,[]
1980,[healthy]]
1980,[young]
1981,[]
1981,[]
1981,[]
1981,[]
1981,[studious]]
1981,[]
1981,[]
1981,[]
1981,[]
1981,[]
1981,[]
1981,[]
1981,[]
1981,[]
1981,[]
1981,[]
1981,[relative]]
1981,[]
1981,[]
1981,[]
1981,[]
1981,[]
1981,[]
1981,[]
1981,[]
1981,[]
1981,[real]]
1981,[]
1981,[]
1981,[senile]]
1981,"[different, ethical, smart]]"
1981,[strong]
1981,[]
1981,[]
1981,[elder]]
1981,[]
1981,[young]]
1981,[]
1981,[]
1981,[dreaded]]
1981,[]
1981,[]
1981,[]
1981,[]
1981,[]
1981,[]
1981,[honest]]
1981,[]
1981,[]
1981,[]
1981,[]
1981,[]
1981,[]
1981,[]
1981,[]
1981,[]
1981,[]
1981,[]
1981,[]
1981,[]
1981,[]
1981,[]
1981,[tough]]
1981,[]
1981,[honest]]
1981,[]
1981,[]
1981,[]
1981,[]
1981,[]
1981,[]
1981,[old]]
1981,[superstitious]
1981,[]
1981,[]
1981,[wealthy]]
1981,[]
1981,[]
1981,[young]]
1981,[wealthy]
1981,[]
1981,[]
1981,[young]]
1981,[]
1981,[]
1981,[]
1981,[]
1981,[young]]
1981,[]
1981,[]
1981,[]
1981,[]
1981,[]
1981,[]
1981,[]
1981,[]
1981,[]
1981,[]
1981,[]
1981,[devout]]
1981,[]
1981,[]
1981,[]
1981,[]
1981,[]
1981,[]
1981,[lovable]]
1981,[]
1981,[]
1981,[]
1981,[]
1982,[]
1982,[]
1982,[]
1982,[]
1982,[]
1982,[young]]
1982,[]
1982,[]
1982,[]
1982,[]
1982,[]
1982,[second]]
1982,[]
1982,[]
1982,[big]]
1982,[]
1982,[]
1982,[]
1982,[]
1982,[jolly]]
1982,[]
1982,[unscrupulous]]
1982,[]
1982,[]
1982,[]
1982,[]
1982,[]
1982,[]
1982,[]
1982,[]
1982,[]
1982,[]
1982,[]
1982,[]
1982,[]
1982,[]
1982,[wealthy]]
1982,[]
1982,[]
1982,[smart]]
1982,[]
1982,[]
1982,[prestigious]]
1982,[]
1982,[]
1982,[rich]]
1982,[]
1982,[]
1982,[]
1982,[]
1982,[]
1982,[]
1982,[]
1982,[]
1982,[elder]]
1982,[]
1982,[]
1982,[]
1982,[simple]]
1982,[]
1982,[]
1982,[]
1982,[]
1982,[]
1982,[]
1982,[]
1982,[]
1982,[]
1982,[devoted]]
1982,[]
1982,[inebriated]]
1982,[]
1982,[unsuspecting]]
1982,[]
1982,[]
1982,[]
1982,[]
1982,[]
1982,[]
1982,[]
1982,[good]]
1982,[]
1982,[]
1982,[biological]]
1982,[]
1982,[]
1982,[biological]]
1982,[]
1982,[]
1982,[]
1982,[]
1982,[]
1982,[]
1982,[young]]
1982,[]
1982,[]
1982,[]
1982,[]
1982,[rich]]
1982,[]
1982,[]
1982,[]
1982,[simple]]
1982,[honest]
1982,[]
1982,[]
1982,[loving]]
1982,[]
1982,[]
1982,[]
1982,[]
1982,[real]]
1982,[]
1982,[]
1982,[nice]]
1982,[]
1982,[]
1982,[]
1982,[]
1982,[idealistic]]
1982,[young]
1982,[]
1982,[]
1982,[]
1982,[]
1982,[]
1982,[real]]
1982,[]
1982,[]
1982,[]
1982,[Ravi]]
1982,[]
1982,[]
1982,[]
1982,[tearful]]
1982,[]
1982,[]
1982,[]
1982,"[young, right]]"
1982,[drunk]
1982,[]
1982,[]
1982,[]
1982,[]
1982,[]
1982,[]
1982,[]
1982,[]
1982,[]
1982,[]
1982,[]
1982,[]
1982,[]
1982,[]
1982,[]
1982,[]
1982,[]
1982,[]
1982,[]
1982,[]
1982,[]
1982,[]
1982,[]
1982,[]
1982,[]
1982,[new]]
1982,[]
1982,[]
1982,[]
1983,[]
1983,[]
1983,[]
1983,[angry]]
1983,"[young], ranking]]"
1983,[high]
1983,[consternated]]
1983,[mystified]
1983,[hard]]
1983,[quick]
1983,[]
1983,[]
1983,[rich]]
1983,[]
1983,[]
1983,[]
1983,[]
1983,[]
1983,[]
1983,[]
1983,[]
1983,[]
1983,[]
1983,[poor]]
1983,[]
1983,[]
1983,[]
1983,[]
1983,[]
1983,[]
1983,[]
1983,[]
1983,[]
1983,[]
1983,[]
1983,[]
1983,[]
1983,[]
1983,[]
1983,[]
1983,[psycopathic]]
1983,[]
1983,[]
1983,[]
1983,[]
1983,[]
1983,[]
1983,[]
1983,[]
1983,[]
1983,[]
1983,[good]]
1983,[]
1983,[]
1983,[]
1983,[]
1983,[grown]]
1983,[]
1983,[]
1983,[]
1983,[]
1983,[]
1983,[]
1983,[]
1983,[]
1983,[]
1983,[]
1983,[]
1983,[]
1983,[]
1983,[]
1983,[young]]
1983,[]
1983,[]
1983,[]
1983,[]
1983,[]
1983,[]
1983,[]
1983,[]
1983,[]
1983,[]
1983,[]
1983,[twin]]
1983,[]
1983,[]
1983,[]
1983,[]
1983,[]
1983,[]
1983,[]
1983,[goodnatured]]
1983,[]
1983,[]
1983,[]
1983,[]
1983,[]
1983,[]
1983,[]
1983,[]
1983,[]
1983,[talented]]
1983,[young]
1983,[]
1983,[]
1983,[]
1983,[]
1983,[]
1983,[]
1983,[]
1983,[]
1983,[]
1983,[]
1983,[]
1983,[]
1983,[close]]
1983,[]
1983,[]
1983,[]
1983,[]
1983,[ambitious]]
1983,[]
1983,[]
1983,[]
1983,[dumb]]
1983,[]
1983,[]
1983,[unemployed]]
1983,[]
1983,[ill]]
1983,[]
1984,[]
1984,[adamant]]
1984,[]
1984,[]
1984,"[little], rampage]]"
1984,[unstoppable]
1984,[]
1984,[]
1984,[]
1984,[]
1984,[]
1984,[]
1984,[]
1984,[]
1984,[rich]]
1984,[]
1984,[]
1984,[]
1984,[]
1984,[]
1984,[close]]
1984,[]
1984,[]
1984,[rich]]
1984,[]
1984,[]
1984,[]
1984,[]
1984,[]
1984,[]
1984,[honest]]
1984,[alcoholic]
1984,[]
1984,[]
1984,[]
1984,[maternal]]
1984,[]
1984,[]
1984,[young]]
1984,[]
1984,[]
1984,[]
1984,[hostel]]
1984,[]
1984,[]
1984,[newborn]]
1984,[]
1984,[]
1984,[]
1984,[adopted]]
1984,[]
1984,[wily]]
1984,[]
1984,[wily]]
1984,[]
1984,[]
1984,[]
1984,[]
1984,[]
1984,[]
1984,[enterprising]]
1984,[]
1984,[small]]
1984,[]
1984,[]
1984,[]
1984,[]
1984,[]
1984,[]
1984,"[rich, upright]]"
1984,[wealthy]
1984,[]
1984,[]
1984,[]
1984,[disillusioned]]
1984,[]
1984,[]
1984,[]
1984,[]
1984,[]
1984,[eligible]]
1984,[decent]]
1984,[bloodthirsty]]
1984,[]
1984,[deformed]]
1984,[]
1984,[]
1984,[mysterious]]
1984,[]
1984,[]
1984,[intractable]]
1984,[]
1984,[widowed]]
1984,[]
1984,[cruel]]
1984,[]
1984,[]
1984,[influential]]
1984,[]
1984,[]
1984,[]
1984,[]
1984,[]
1984,[]
1984,[poor]]
1984,[blind]
1984,[]
1984,[]
1984,[]
1984,[]
1984,[]
1984,[]
1984,[]
1984,[poor]]
1984,[]
1984,[]
1984,[]
1984,[]
1984,[biological]]
1984,[holy]]
1984,"[roguish, young, rich]]"
1985,[rebellious]
1985,[]
1985,[]
1985,[]
1985,[]
1985,[]
1985,[]
1985,[]
1985,[rich]]
1985,[]
1985,[]
1985,[]
1985,[]
1985,[rival]]
1985,[]
1985,[]
1985,[]
1985,[poor]]
1985,[new]]
1985,[]
1985,[wicked]]
1985,[chief]
1985,[]
1985,[]
1985,[]
1985,[]
1985,[little]]
1985,[]
1985,[]
1985,[]
1985,[]
1985,[young]]
1985,[]
1985,[]
1985,[real]]
1985,[]
1985,[wealthy]]
1985,[]
1985,[compelling]]
1985,[]
1985,[]
1985,[]
1985,[]
1985,[proud]]
1985,[]
1985,[]
1985,[]
1985,[]
1985,[]
1985,[]
1985,[Unfortunate]]
1985,[]
1985,[]
1985,[]
1985,[]
1985,[]
1985,[]
1985,[]
1985,[]
1985,[local]]
1985,[]
1985,[]
1985,[]
1985,[old]]
1985,[]
1985,[]
1985,[]
1985,[]
1985,[]
1985,[]
1985,[]
1985,[sister]]
1985,[]
1985,[]
1985,[]
1985,[]
1985,[unstable]]
1985,[military]]
1985,[established]]
1985,[poor]]
1985,[faithful]]
1985,[steed]
1985,[frustrated]]
1985,[]
1985,[]
1985,[real]]
1985,[real]]
1985,[]
1985,[]
1985,[]
1985,[]
1985,[]
1985,[criminal]]
1985,[famous]
1985,[]
1985,[]
1985,[]
1985,[]
1985,[]
1985,[]
1985,[]
1985,[haughty]]
1985,[entire]]
1985,[]
1985,[]
1985,[]
1985,[]
1985,[]
1985,[]
1985,[]
1985,[dynamic]]
1985,[wizard]]
1985,[]
1985,[]
1985,[]
1985,[young]]
1985,[]
1985,[famous]]
1985,[]
1985,[]
1985,[]
1985,[]
1985,[distraught]]
1985,[]
1985,"[powerful], honest]]"
1985,[young]
1985,[]
1985,[]
1985,[]
1985,[enraged]]
1985,[]
1985,[]
1985,[]
1985,[]
1985,[]
1985,[]
1985,[]
1985,[second]]
1985,[]
1986,[tyrant]]
1986,[]
1986,[]
1986,[Nagesh]]
1986,[]
1986,[]
1986,[]
1986,[]
1986,[rich]]
1986,[]
1986,[]
1986,[]
1986,[]
1986,[]
1986,[poor]]
1986,[honest]]
1986,[brave]]
1986,[innocent]]
1986,[young]
1986,[naive]]
1986,"[young, poor, adopted, little]]"
1986,"[young, ecstatic]]"
1986,"[wounded, evil]]"
1986,[fugitive]
1986,[]
1986,[]
1986,[]
1986,[]
1986,[]
1986,[influential]]
1986,[]
1986,[]
1986,[]
1986,[young]]
1986,[]
1986,[]
1986,[Arun]]
1986,[]
1986,[strong]]
1986,[]
1986,[]
1986,[]
1986,[]
1986,[]
1986,[]
1986,[]
1987,[]
1987,[]
1987,[]
1987,[]
1987,[]
1987,[underworld]]
1987,[powerful]
1987,[]
1987,[]
1987,[]
1987,[]
1987,[]
1987,[dead]]
1987,[old]]
1987,[]
1987,[]
1987,[]
1987,[]
1987,[]
1987,[]
1987,[young]]
1987,[]
1987,[]
1987,[]
1987,[]
1987,[dead]]
1987,[]
1987,[]
1987,[]
1987,[]
1987,[]
1987,[]
1987,[]
1987,[]
1987,[]
1987,[]
1987,[rich]]
1987,[]
1987,[]
1987,[honest]]
1987,[]
1987,[]
1987,[]
1987,[]
1987,[]
1987,[]
1987,[]
1987,[]
1987,[]
1987,[]
1987,[rich]]
1987,[]
1987,[corrupt]]
1987,[]
1987,[]
1987,[]
1987,[devious]]
1987,[]
1987,[]
1987,[]
1987,[intent]]
1987,[]
1987,[]
1987,[]
1987,[]
1987,[local]]
1987,[]
1987,[late]]
1987,[]
1987,[real]]
1987,[]
1987,[]
1987,[]
1987,[]
1987,[]
1987,[]
1987,[]
1987,[young]]
1987,[]
1987,[]
1987,[]
1987,[]
1987,[]
1987,[]
1987,[]
1987,[]
1987,[]
1987,[cruel]]
1987,[]
1987,[]
1987,[elder]]
1988,[]
1988,[]
1988,[]
1988,[]
1988,[careless]]
1988,[]
1988,[]
1988,[]
1988,[]
1988,[]
1988,[]
1988,[emotional]]
1988,[]
1988,[]
1988,[]
1988,[]
1988,[]
1988,[]
1988,[]
1988,[]
1988,[]
1988,[]
1988,[]
1988,[]
1988,[]
1988,[elderly]]
1988,[]
1988,[]
1988,[]
1988,[dreaded]]
1988,"[infamous, criminal]]"
1988,[exiled]
1988,[]
1988,[]
1988,[]
1988,[]
1988,[]
1988,[]
1988,[]
1988,[]
1988,[young]]
1988,[]
1988,[]
1988,[beautiful]]
1988,[]
1988,[]
1988,[]
1988,[]
1988,[homeless]]
1988,[]
1988,[]
1988,[]
1988,[]
1988,[greedy]]
1988,[]
1988,[]
1988,[mutual]]
1988,[]
1988,[]
1988,[]
1988,[]
1988,[]
1988,[]
1988,[]
1988,[]
1988,[]
1988,[]
1988,[]
1988,[]
1988,[]
1988,[]
1988,[]
1988,[]
1988,[common]]
1988,[]
1988,[]
1988,[]
1988,[]
1988,[]
1988,[hale]]
1988,[]
1988,[]
1988,[burly]]
1988,[young]
1988,[]
1988,"[drunk, young]]"
1988,[new]
1988,[]
1988,[]
1988,[]
1988,[]
1988,[]
1988,[]
1988,[young]]
1988,[]
1988,[]
1988,[]
1988,[]
1988,[second]]
1988,[wealthy]]
1988,[orphan]]
1988,[]
1988,[]
1988,[]
1989,[]
1989,[]
1989,[]
1989,[fourth]]
1989,[]
1989,[]
1989,[married]]
1989,[]
1989,[]
1989,[true]]
1989,[]
1989,[]
1989,[]
1989,[]
1989,[]
1989,[]
1989,[]
1989,[]
1989,[]
1989,[]
1989,[]
1989,[]
1989,[young]]
1989,[]
1989,[]
1989,[]
1989,[respected]]
1989,[]
1989,[]
1989,[]
1989,[]
1989,[]
1989,[upper]]
1989,[]
1989,[imaginary]]
1989,[]
1989,[]
1989,[old]]
1989,[]
1989,[]
1989,[]
1989,[]
1989,[]
1989,[]
1989,[]
1989,[]
1989,[]
1989,[]
1989,[]
1989,[]
1989,[old]]
1989,[old]]
1989,[]
1989,[innocent]]
1989,[]
1989,[]
1989,[ruthless]]
1989,[]
1989,[]
1989,[cruel]]
1989,"[little], eccentric]]"
1989,[stingy]
1989,[young]]
1989,[precocious]
1989,[]
1989,[]
1989,[]
1989,[]
1989,[upstanding]]
1989,[]
1989,[]
1989,[]
1989,[]
1989,[humiliated]]
1989,[]
1989,[]
1989,[late]]
1989,[]
1989,[close]]
1989,[dejected]
1989,[seth]]
1989,[]
1989,[]
1989,[]
1989,[corrupt]]
1989,[]
1989,[]
1990,[]
1990,[]
1990,[]
1990,[]
1990,[]
1990,[]
1990,[]
1990,[]
1990,[]
1990,[]
1990,[]
1990,[]
1990,[]
1990,[]
1990,[]
1990,[]
1990,[]
1990,[]
1990,[good]]
1990,[]
1990,[]
1990,[]
1990,[]
1990,[]
1990,[]
1990,[bigwigs]]
1990,[]
1990,[]
1990,[]
1990,[]
1990,[famous]]
1990,[new]]
1990,[]
1990,[]
1990,[]
1990,[]
1990,[]
1990,[]
1990,[]
1990,[vampire]]
1990,[]
1990,[]
1990,[righteous]]
1990,[]
1990,[local]]
1990,[]
1990,[dangerous]]
1990,[]
1990,[]
1990,[]
1990,[]
1990,[rich]]
1990,[enrages]]
1990,[]
1990,[]
1990,[]
1990,[]
1990,[]
1990,[]
1990,[simple]]
1990,[henpecked]
1990,[]
1990,[]
1990,[married]]
1990,[unmarried]]
1990,[]
1990,[]
1990,[Amateur]]
1990,[fine]]
1990,[]
1990,[]
1990,[reputed]]
1990,[]
1990,[]
1990,[]
1990,[]
1990,[angry]]
1990,[]
1990,[]
1990,[]
1990,[separate]]
1990,[second]]
1990,[wily]]
1990,[grateful]]
1990,[]
1990,[rival]]
1990,[]
1990,[]
1990,[]
1990,[]
1990,[]
1990,[young]]
1990,[]
1990,[]
1990,[]
1990,[]
1990,[]
1990,[]
1990,[]
1990,[]
1990,[]
1990,[young]]
1990,[medical]
1990,[]
1990,[decent]]
1990,[]
1990,[]
1990,"[strong], evil]]"
1990,"[powerful, helpless]]"
1990,[innocent]
1990,[]
1990,[]
1990,[]
1990,[qualified]]
1990,[]
1990,[]
1990,[dishonest]]
1990,[]
1990,[]
1990,[]
1990,[]
1990,[]
1990,[]
1990,[]
1990,[]
1990,[]
1990,[]
1990,[]
1990,[grateful]]
1990,[]
1990,[]
1990,[]
1990,[]
1991,[]
1991,[millionaire]]
1991,[]
1991,[]
1991,[young]]
1991,[courageous]
1991,[]
1991,[evil]]
1991,[evil]]
1991,[newborn]]
1991,[]
1991,[young]]
1991,[deceased]
1991,[]
1991,[]
1991,[]
1991,[new]]
1991,[]
1991,[]
1991,[]
1991,[]
1991,[]
1991,[]
1991,[wealthy]]
1991,[]
1991,[]
1991,[]
1991,[dead]]
1991,[]
1991,[]
1991,[]
1991,[]
1991,[]
1991,[rich]]
1991,[right]]
1991,[young]]
1991,[]
1991,[]
1991,[]
1991,[]
1991,[]
1991,[]
1991,[]
1991,[]
1991,[]
1991,[]
1991,[handicapped]]
1991,[]
1991,[]
1991,[seasoned]]
1991,[]
1991,[]
1991,[]
1991,[]
1991,[]
1991,[]
1991,[]
1991,[]
1991,[]
1991,[]
1991,[]
1991,[]
1991,[]
1991,[]
1991,[]
1991,[]
1991,[]
1991,[]
1991,[]
1991,[retired]]
1991,[]
1991,[]
1991,[]
1991,[dubious]]
1991,[]
1991,[]
1991,[]
1991,[]
1991,[]
1991,[]
1991,[abusive]]
1991,[]
1991,[]
1991,[]
1991,[]
1991,[]
1991,[young]]
1991,[dead]]
1991,[young]]
1991,[]
1991,[]
1991,[]
1991,[]
1991,[real]]
1991,[criminal]]
1991,[biological]]
1991,[]
1991,[]
1991,[simple]]
1991,[]
1991,[]
1991,[]
1991,[]
1991,[]
1991,[murdering]]
1991,[]
1991,[]
1991,[]
1991,[]
1991,[]
1991,[dreaded]]
1991,[]
1991,[]
1991,[]
1991,[]
1991,[]
1991,[]
1991,[]
1991,[]
1991,[]
1991,[]
1991,[]
1991,[]
1991,[big]]
1991,[]
1991,[]
1991,[]
1991,[]
1991,[]
1991,[]
1991,[traumatised]]
1991,[]
1991,[healthy]]
1991,[]
1991,[]
1991,[proud]]
1991,[]
1991,[]
1991,[dignified]]
1991,[]
1991,[right]]
1991,[powerful]
1991,[]
1991,[]
1991,[honest]]
1991,[]
1991,[]
1991,[]
1991,[]
1991,[elder]]
1991,[]
1991,[young]]
1991,[]
1991,[]
1991,[]
1992,[]
1992,[]
1992,[unemployed]]
1992,[young]
1992,[]
1992,[]
1992,[]
1992,[]
1992,[cruel]]
1992,[]
1992,[]
1992,[]
1992,[]
1992,[]
1992,[widowed]]
1992,[natural]]
1992,[]
1992,[]
1992,[]
1992,[]
1992,[]
1992,[dead]]
1992,[real]]
1992,[]
1992,[]
1992,[]
1992,[protege]]
1992,[]
1992,[]
1992,[gullible]]
1992,[]
1992,[]
1992,[]
1992,[]
1992,[young]]
1992,[]
1992,[]
1992,[greedy]]
1992,[]
1992,[royal]]
1992,[]
1992,[]
1992,[]
1992,[]
1992,[]
1992,[]
1992,[]
1992,[]
1992,[]
1992,[deceased]]
1992,[]
1992,[]
1992,[amoral]]
1992,[]
1992,[elderly]]
1992,[]
1992,[]
1992,[]
1992,[]
1992,[]
1992,[]
1992,[]
1992,[]
1992,[]
1992,[]
1992,[]
1992,[]
1992,[]
1992,[]
1992,[]
1992,[]
1992,[]
1992,[]
1992,[]
1992,[younger]]
1992,[]
1992,[]
1992,[new]]
1992,[]
1992,[]
1992,[]
1992,[]
1992,[]
1992,[innocent]]
1992,[Unbeknown]]
1992,[]
1992,[]
1992,[]
1992,[]
1992,[]
1992,[]
1992,[]
1992,[]
1992,[]
1992,[]
1992,[]
1992,[]
1992,[]
1992,[]
1992,[]
1992,[]
1992,[]
1992,[]
1992,[innocent]]
1992,[]
1992,[famous]]
1992,[]
1992,[]
1992,[]
1992,[]
1992,[]
1992,[]
1992,[]
1992,"[wealthy], old]]"
1992,[fallen]
1992,[]
1992,[]
1992,[]
1992,[]
1992,[]
1992,"[long], old]]"
1992,[powerful]
1992,[]
1992,[]
1992,[]
1992,[dead]]
1992,[simple]]
1992,[]
1992,[]
1992,[]
1992,[philosophical]]
1992,[streetside]
1992,[]
1992,[]
1992,[]
1992,[late]]
1992,[]
1992,[]
1992,[]
1992,[]
1992,[new]]
1992,[]
1992,[]
1992,[]
1992,[]
1992,[]
1992,[elder]]
1992,[]
1992,[]
1992,[sympathetic]]
1992,[longtime]]
1992,[]
1992,[]
1992,[wealthy]]
1992,[marry]]
1992,[]
1992,[spoiled]]
1992,[]
1992,[major]]
1992,[]
1992,[]
1992,[little]]
1992,[]
1992,[]
1992,[]
1992,[Indian]]
1992,[]
1992,[little]]
1992,[]
1992,[]
1992,[]
1992,[]
1992,[]
1992,[]
1992,[]
1992,[]
1992,[honest]]
1992,[]
1992,[]
1992,[newborn]]
1992,[]
1992,[]
1992,[]
1992,[twin]]
1992,[]
1992,[]
1992,[]
1992,[]
1992,[]
1992,[]
1992,[]
1992,[]
1992,[]
1992,[remaining]]
1993,[]
1993,[]
1993,[]
1993,[]
1993,[honest]]
1993,[]
1993,[]
1993,[]
1993,[]
1993,[unable]]
1993,[]
1993,[]
1993,[wealthy]]
1993,[]
1993,[poor]]
1993,[rich]]
1993,[loving]
1993,[]
1993,[]
1993,[fake]]
1993,[real]]
1993,[]
1993,[]
1993,[]
1993,[]
1993,[]
1993,[]
1993,[young]]
1993,[repentant]]
1993,[]
1993,[]
1993,[]
1993,[]
1993,[]
1993,[common]]
1993,[]
1993,[]
1993,[]
1993,[]
1993,[]
1993,[]
1993,[]
1993,[]
1993,[]
1993,[]
1993,[]
1993,[]
1993,[middle]]
1993,[]
1993,[]
1993,[psychotic]]
1993,[legendary]]
1993,[]
1993,[]
1993,[]
1993,[]
1993,[]
1993,[]
1993,[]
1993,[homeless]]
1993,[]
1993,[]
1993,[]
1993,[]
1993,[]
1993,[]
1993,[]
1993,[]
1993,[new]]
1993,[]
1993,[]
1993,[]
1993,[]
1993,[corrupt]]
1993,[]
1993,[]
1993,[]
1993,[]
1993,[]
1993,[]
1993,[]
1993,[]
1993,[]
1993,[]
1993,[]
1993,[]
1993,[]
1993,[]
1993,[]
1993,[]
1993,[]
1993,[]
1993,[]
1993,[assistant]]
1993,[tribal]]
1993,[]
1993,[]
1993,[]
1993,[]
1993,[]
1993,[]
1993,[]
1993,[]
1993,"[arch, rival]]"
1993,[enraged]
1993,[]
1993,[]
1993,"[wounded], twin]]"
1993,[astrologer]
1993,[married]]
1993,[lovely]
1993,[]
1993,[]
1993,[]
1993,[]
1993,[]
1993,[single]]
1993,[]
1993,[]
1993,[]
1993,[]
1993,[]
1993,[]
1993,[]
1993,[]
1993,[]
1993,[]
1993,[young]]
1993,[corrupt]]
1993,[stepbrother]]
1993,[]
1993,[real]]
1993,[]
1993,[]
1993,[]
1993,[]
1993,[twin]]
1993,[]
1993,[angry]]
1993,[young]
1993,[]
1993,[]
1993,[]
1993,[]
1993,[]
1993,[]
1994,[]
1994,[dejected]]
1994,[]
1994,[]
1994,[]
1994,[]
1994,[]
1994,[]
1994,[]
1994,[]
1994,[]
1994,[]
1994,[]
1994,[]
1994,[]
1994,[]
1994,[]
1994,[]
1994,[]
1994,[]
1994,[]
1994,[]
1994,[romantic]]
1994,[]
1994,[]
1994,[]
1994,[orphan]]
1994,[]
1994,[]
1994,"[young, free]]"
1994,[spirited]
1994,[]
1994,[]
1994,[]
1994,[]
1994,[]
1994,[]
1994,[]
1994,[]
1994,[]
1994,[]
1994,[]
1995,[conservative]]
1995,[]
1995,[ideal]]
1995,[]
1995,[]
1995,[]
1995,[]
1995,[]
1995,[]
1995,[]
1995,[]
1995,[]
1995,[]
1995,[]
1995,[]
1995,[fearful]]
1995,[naive]]
1995,[young]
1995,[]
1995,[]
1995,[]
1995,[]
1995,[]
1995,[]
1995,[]
1995,[]
1995,[]
1995,[]
1995,[loyal]]
1995,[frustrated]]
1995,[]
1995,[twin]]
1995,[]
1995,[]
1995,[]
1995,[]
1995,[]
1995,[]
1995,[rich]]
1995,[]
1995,[]
1995,[]
1995,[proud]]
1996,[]
1996,[]
1996,"[following], wealthy, young]]"
1996,[single]
1996,[]
1996,[]
1996,[]
1996,[]
1996,[]
1996,[discussions.And]]
1996,[]
1996,[]
1996,[]
1996,[]
1996,[unconscious]]
1996,[]
1996,[]
1996,[]
1996,[]
1996,[]
1996,[]
1996,[]
1996,[healthy]]
1996,"[young, old, honest]]"
1996,[young]
1996,[]
1996,[]
1996,[maternal]]
1996,[]
1996,[]
1996,[]
1996,[]
1996,[]
1996,[]
1996,[]
1996,[]
1996,[dutiful]]
1996,[]
1996,[]
1996,[]
1996,[]
1996,[]
1996,[]
1996,[honourable]]
1996,[]
1996,[]
1996,[]
1996,[]
1996,[]
1996,[]
1996,[]
1996,[]
1996,[]
1996,[]
1996,[]
1996,[]
1996,[]
1996,[]
1996,[]
1996,[]
1996,[]
1996,[]
1996,[]
1996,[]
1996,[]
1996,[lord]]
1996,[]
1996,[]
1996,[]
1996,[]
1996,[]
1996,[]
1996,[]
1996,[]
1996,[]
1996,[]
1996,[influential]]
1996,[real]]
1996,[elderly]]
1996,[]
1996,[]
1996,[]
1996,[]
1996,[available]]
1996,[disapproving]]
1996,[young]]
1996,[]
1996,[]
1996,[silly]]
1996,[]
1996,[]
1996,[wealthy]]
1996,[]
1996,[]
1996,[]
1996,[neighboring]]
1996,[twin]]
1996,[young]]
1996,[]
1996,[]
1996,[]
1996,[]
1996,[adopted]]
1996,[]
1996,[]
1996,[]
1996,[]
1996,[]
1996,[]
1996,[]
1996,[]
1996,[]
1996,[]
1996,[]
1996,[]
1996,[]
1996,[]
1996,"[local], faithful]]"
1996,[old]
1996,[]
1996,[]
1996,[ruthless]]
1996,[]
1997,[]
1997,[]
1997,[]
1997,[]
1997,[]
1997,[]
1997,[]
1997,[]
1997,[]
1997,[]
1997,[]
1997,[]
1997,[]
1997,[]
1997,[honest]]
1997,[]
1997,[]
1997,[]
1997,[]
1997,[]
1997,[]
1997,[angry]]
1997,[]
1997,[]
1997,[]
1997,[]
1997,[]
1997,[old]]
1997,[]
1997,[]
1997,[]
1997,[drunkard]]
1997,[]
1997,[]
1997,[]
1997,[]
1997,[]
1997,[]
1997,[]
1997,[]
1997,[]
1997,[]
1997,[]
1997,[ill]]
1997,[]
1997,[]
1997,[]
1997,[]
1997,[]
1997,[]
1997,[]
1997,[]
1997,[]
1997,[]
1997,[]
1997,[]
1997,[]
1997,[powerful]]
1997,[]
1997,[]
1997,[]
1997,[]
1997,[]
1997,[]
1997,[]
1997,[]
1997,[]
1997,[effective]]
1997,[]
1997,[]
1997,[influential]]
1997,[]
1997,"[unbending], unattached]]"
1997,[young]
1997,[]
1997,[]
1997,[]
1997,[]
1997,[]
1997,[intoxicated]]
1997,[furious]
1997,[]
1997,[]
1997,[]
1997,[]
1997,[]
1997,[]
1997,[]
1997,[]
1997,[]
1997,[]
1997,[criminal]]
1997,[]
1997,[renowned]]
1997,[criminal]]
1997,[notorious]
1997,[]
1997,[]
1997,[local]]
1997,[goon]
1997,[]
1997,[]
1997,[]
1997,[]
1997,[]
1997,[twin]]
1997,[]
1997,[]
1997,[young]]
1997,[happy]]
1997,"[greedy], ruthless]]"
1997,"[handsome, elderly]]"
1997,[powerful]
1997,[]
1997,[]
1997,[]
1997,[wealthy]]
1997,[]
1997,[]
1997,[]
1997,[]
1997,[]
1997,[]
1997,[corrupt]]
1997,[]
1997,[miscreant]]
1997,[]
1997,[]
1997,"[foster, true]]"
1997,[westernised]
1997,[]
1997,[]
1997,[]
1997,[]
1997,[Western]]
1997,[]
1997,[old]]
1997,[adopted]]
1997,[]
1997,[angry]]
1997,[]
1997,[deranged]]
1997,[]
1997,[elder]]
1997,[]
1997,[]
1997,[younger]]
1997,[]
1997,[]
1997,[]
1997,"[NRI, mannered]]"
1997,[polite]
1997,[]
1997,[middle]]
1997,[helpless]]
1997,[]
1997,[]
1997,[]
1997,[]
1997,[]
1997,[]
1997,[]
1997,[]
1997,[]
1997,[]
1998,[]
1998,[]
1998,[]
1998,[]
1998,[]
1998,[poor]]
1998,[]
1998,[]
1998,[]
1998,[]
1998,[sister]]
1998,[]
1998,[new]]
1998,[young]]
1998,[]
1998,[respectable]]
1998,[naive]]
1998,[beloved]]
1998,[]
1998,[]
1998,[]
1998,[]
1998,[]
1998,[]
1998,[]
1998,[]
1998,[]
1998,[rich]]
1998,[young]
1998,[]
1998,[confederate]]
1998,[]
1998,[ultimate]]
1998,[petty]]
1998,[]
1998,[young]]
1998,[]
1998,[]
1998,[]
1998,[]
1998,"[good, reformed]]"
1998,[right]
1998,[]
1998,[]
1998,[]
1998,[elder]]
1998,[]
1998,[corrupt]]
1998,[]
1998,[]
1998,[]
1998,[]
1998,[]
1998,"[old, honest, right]]"
1998,[young]
1998,[]
1998,[]
1998,[Indian]]
1998,[wealthy]
1998,[]
1998,[]
1998,[]
1998,[]
1998,[wayward]]
1998,[]
1998,[]
1998,[]
1998,[]
1998,[]
1998,[]
1998,[]
1998,[]
1998,[]
1998,[]
1998,[young]]
1998,[]
1998,[]
1998,[]
1998,[]
1998,[]
1998,[]
1998,[]
1998,[little]]
1998,[]
1998,[wealthy]]
1998,[playboy]]
1998,[]
1998,[]
1998,[]
1998,"[rich], intense]]"
1998,[brooding]
1998,[]
1998,[]
1998,[]
1998,[]
1998,[]
1998,[]
1998,[]
1998,[]
1998,[]
1998,[]
1998,[]
1998,[]
1998,[]
1998,[]
1998,[unaware]]
1998,[]
1998,[]
1998,[mysterious]]
1998,[]
1998,[]
1998,[]
1998,[]
1998,[]
1998,[]
1998,[]
1998,[]
1998,[]
1998,[]
1998,[]
1998,[]
1998,[]
1998,[]
1998,[]
1998,[]
1998,[]
1998,[]
1998,[]
1998,[]
1998,[]
1998,[]
1998,[]
1998,[]
1998,[]
1998,[]
1998,[]
1998,[]
1998,[]
1999,[]
1999,[]
1999,[]
1999,[]
1999,[late]]
1999,[]
1999,"[rich, Indian, Pakistani, spoiled]]"
1999,[young]
1999,[]
1999,[]
1999,[]
1999,[]
1999,[healthy]]
1999,[captive]]
1999,[]
1999,[]
1999,[]
1999,[]
1999,[wealthy]]
1999,[]
1999,[wrong]]
1999,[young]
1999,[]
1999,[]
1999,[codename]]
1999,[]
1999,[]
1999,[]
1999,[late]]
1999,[]
1999,[]
1999,[]
1999,[]
1999,[]
1999,[]
1999,[young]]
1999,[young]]
1999,[]
1999,[]
1999,[unaccounted]]
1999,[biological]
1999,[]
1999,[]
1999,[]
1999,[]
1999,[]
1999,[]
1999,[]
1999,[comforting]]
1999,[]
1999,[]
1999,[]
1999,[]
1999,[pampered]]
1999,[]
1999,[]
1999,[]
1999,[healthy]]
1999,[]
1999,[]
1999,[young]]
1999,[]
1999,[]
1999,[]
1999,[biological]]
1999,[energetic]
1999,[]
1999,[]
1999,[]
1999,[]
1999,[]
1999,[]
1999,[]
1999,[]
1999,[]
1999,[]
1999,[]
1999,[]
1999,[Indian]]
1999,[old]
1999,[]
1999,[]
1999,[]
1999,[]
1999,[rich]]
1999,[young]
1999,[]
1999,[]
1999,[]
1999,[]
1999,[]
1999,[criminal]]
1999,[]
1999,[young]]
1999,[]
1999,[]
1999,[]
1999,[]
1999,[]
1999,[honest]]
1999,[]
1999,[]
1999,[]
1999,[]
1999,[]
1999,[]
1999,[]
1999,[]
1999,[]
1999,[]
1999,[]
1999,[]
1999,[]
1999,[]
1999,[]
1999,[]
1999,[]
1999,[]
1999,[]
1999,[]
1999,[]
1999,[]
1999,[]
1999,[]
1999,[]
1999,[]
1999,[]
1999,[docile]]
1999,"[humble, strict]]"
1999,"[wealthy, illiterate, uneducated]]"
1999,[untaught]
1999,[]
1999,[close]]
1999,[]
1999,[]
1999,[]
1999,[grateful]]
1999,[]
1999,[]
1999,[]
1999,[]
1999,[]
1999,[]
1999,[]
1999,[]
1999,[unknown]]
2000,[honest]]
2000,[]
2000,[]
2000,[]
2000,[]
2000,[]
2000,[]
2000,[]
2000,[]
2000,[]
2000,[]
2000,[]
2000,[]
2000,[young]]
2000,[]
2000,[]
2000,[loving]]
2000,[]
2000,[young]]
2000,[]
2000,[]
2000,[]
2000,[]
2000,[]
2000,[]
2000,[]
2000,[]
2000,[aspiring]]
2000,[]
2000,[mysterious]]
2000,[]
2000,[]
2000,[]
2000,[]
2000,[]
2000,[]
2000,[]
2000,[]
2000,[young]]
2000,[]
2000,[]
2000,[]
2000,[]
2000,[]
2000,[]
2000,[]
2000,[]
2000,[]
2000,[]
2000,"[common], courteous]]"
2000,[injured]
2000,[]
2000,[]
2000,[]
2000,[]
2000,[pretend]]
2000,[]
2000,[]
2000,[]
2000,[]
2000,[]
2000,[]
2000,[]
2000,[]
2000,[]
2000,[paranoid]]
2000,[young]
2000,[]
2000,[]
2000,[]
2000,[]
2000,[]
2000,[]
2000,[]
2000,[]
2000,[]
2000,[]
2000,[]
2000,[]
2000,[]
2000,[]
2000,[]
2000,[]
2000,[]
2000,[]
2000,[]
2000,[good]]
2000,[]
2000,[]
2000,[]
2000,[]
2000,[]
2000,[]
2000,[]
2000,[twin]]
2000,[]
2000,[]
2000,[]
2000,[innocent]]
2000,[]
2000,[]
2000,[]
2000,[]
2000,[]
2000,[]
2000,[]
2000,[]
2000,[different]]
2000,[]
2000,[]
2000,[]
2000,[]
2000,[]
2000,[shameless]]
2000,[]
2000,[]
2000,[]
2000,[]
2000,[]
2000,[]
2000,[]
2000,[]
2000,[rival]]
2000,[]
2000,[]
2000,[]
2000,[]
2000,[]
2000,[]
2000,[]
2000,[]
2000,[late]]
2000,[]
2000,[]
2000,[]
2000,[]
2000,[new]]
2000,[]
2000,[]
2000,[]
2000,[]
2000,[young]]
2000,[]
2000,[real]]
2000,[]
2000,[]
2000,[]
2000,[]
2000,[wrong]]
2000,[]
2000,[]
2000,[]
2000,[]
2000,[]
2001,[]
2001,[twin]]
2001,[]
2001,[]
2001,[]
2001,[]
2001,[]
2001,[]
2001,[]
2001,[Arabic]]
2001,[apprehend]]
2001,[]
2001,[]
2001,[]
2001,[]
2001,[]
2001,[]
2001,[]
2001,[]
2001,[]
2001,[faithful]]
2001,[]
2001,[]
2001,[old]]
2001,[]
2001,[]
2001,[]
2001,[common]]
2001,[]
2001,[]
2001,[]
2001,[]
2001,[]
2001,[]
2001,[]
2001,[]
2001,[old]]
2001,[]
2001,[]
2001,[poor]]
2001,[]
2001,[]
2001,[]
2001,[]
2001,[]
2001,[]
2001,[]
2001,[]
2001,[]
2001,[]
2001,[]
2001,[]
2001,[]
2001,[]
2001,[acclaimed]]
2001,[]
2001,[]
2001,[young]]
2001,[]
2001,[]
2001,[]
2001,[]
2001,[]
2001,[]
2001,[]
2001,[]
2001,[]
2001,[]
2001,[]
2001,[]
2001,[]
2001,[]
2001,[innocent]]
2001,[wealthy]]
2001,[wealthy]]
2001,[]
2001,[]
2001,[]
2001,[]
2001,[]
2001,[]
2001,[]
2001,[]
2001,[]
2001,[]
2001,[]
2001,[]
2001,[]
2001,[real]]
2001,[]
2001,[]
2001,[]
2001,[]
2001,[]
2001,[]
2001,[]
2001,[]
2001,[]
2001,[]
2001,[]
2001,[]
2001,[]
2001,[]
2001,[great]]
2001,[]
2001,[]
2001,[]
2001,[]
2001,[]
2001,[respectable]]
2001,[average]
2001,[impossible]]
2001,[]
2001,[]
2001,[]
2001,[]
2001,[]
2001,[]
2001,[]
2001,[]
2001,[]
2001,[]
2002,[]
2002,[]
2002,[]
2002,[]
2002,[]
2002,[]
2002,[]
2002,[]
2002,[]
2002,[]
2002,[]
2002,[]
2002,[]
2002,[wealthy]]
2002,[]
2002,[]
2002,[]
2002,[]
2002,[]
2002,[young]]
2002,[]
2002,[real]]
2002,[]
2002,[]
2002,[suspended]]
2002,[]
2002,[]
2002,[second]]
2002,[]
2002,[]
2002,[]
2002,[]
2002,[]
2002,[]
2002,[young]]
2002,[]
2002,[]
2002,[]
2002,[young]]
2002,[]
2002,[]
2002,[]
2002,[]
2002,[young]]
2002,[]
2002,[ill]]
2002,[]
2002,[]
2002,[bereaved]]
2002,[vengeful]
2002,[]
2002,[]
2002,[]
2002,[]
2002,[]
2002,[]
2002,[disguise]]
2002,[]
2002,[]
2002,[]
2002,[]
2002,[]
2002,[]
2002,[]
2002,[]
2002,[]
2002,[]
2002,[]
2002,[]
2002,[]
2002,[]
2002,[big]]
2002,[]
2002,[]
2002,[]
2002,[]
2002,[]
2002,[]
2002,[]
2002,[]
2002,[]
2002,[]
2002,"[overprotective], professional]]"
2002,[egotistical]
2002,[]
2002,[]
2002,[estranged]]
2002,[]
2002,[]
2002,[]
2002,[]
2002,[]
2002,[]
2002,[cruel]]
2002,[drunk]
2002,[]
2002,[]
2002,[]
2002,[]
2002,[]
2002,[]
2002,[]
2002,[]
2002,[]
2002,[]
2002,[respected]]
2002,[]
2002,[]
2002,[]
2002,[deceased]]
2002,[]
2002,[]
2002,[]
2002,[]
2002,[]
2002,[]
2002,[]
2002,[]
2002,[anonymous]]
2002,[]
2002,[young]]
2002,[]
2002,[]
2002,[]
2002,[frustrated]]
2002,[]
2002,[armed]]
2002,[aspiring]]
2002,[]
2002,[]
2002,[]
2002,[]
2002,[]
2002,[real]]
2002,[]
2002,[]
2002,[unknown]]
2002,[old]
2002,[]
2002,[]
2002,[]
2002,[]
2002,[disabled]]
2002,[]
2002,[]
2002,[]
2002,[]
2002,[]
2002,[]
2002,[]
2002,[]
2002,[]
2002,[]
2002,[]
2003,[angry]]
2003,"[unwitting, poor]]"
2003,[wounded]
2003,[flat]]
2003,"[drunk, old]]"
2003,[weird]
2003,[]
2003,[]
2003,[]
2003,[]
2003,[]
2003,[]
2003,[notorious]]
2003,[jailed]]
2003,[]
2003,[]
2003,[]
2003,[irate]]
2003,[]
2003,[]
2003,[]
2003,[]
2003,[]
2003,[]
2003,[]
2003,[]
2003,[]
2003,[successful]]
2003,[adopted]]
2003,[]
2003,[]
2003,[]
2003,[]
2003,[]
2003,[]
2003,[]
2003,[new]]
2003,[]
2003,[]
2003,[]
2003,[]
2003,[]
2003,[]
2003,[]
2003,[heartbroken]]
2003,[true]]
2003,[]
2003,[]
2003,[]
2003,[]
2003,[]
2003,[]
2003,[]
2003,[]
2003,[]
2003,[]
2003,[]
2003,[young]]
2003,[wealthy]
2003,[]
2003,[fiance]]
2003,[Indian]]
2003,[]
2003,[]
2003,[]
2003,[]
2003,[]
2003,[]
2003,[]
2003,[]
2003,[]
2003,[]
2003,[]
2003,[]
2003,[]
2003,[]
2003,[]
2003,[]
2003,[]
2003,[]
2003,[]
2003,[]
2003,[]
2003,[]
2003,[local]]
2003,[]
2003,[]
2003,[]
2003,[]
2003,[]
2003,[]
2003,[]
2003,[]
2003,[]
2003,[]
2003,[]
2003,[]
2003,[nuclear]]
2003,[]
2003,[]
2003,[]
2003,[]
2003,[]
2003,[]
2003,[]
2003,[]
2003,[dead]]
2003,[]
2003,[]
2003,[]
2003,[]
2003,[]
2003,[]
2003,[]
2003,[late]]
2003,[]
2003,[strange]]
2003,[retired]]
2003,[]
2003,[missing]]
2003,[]
2003,[]
2003,[]
2003,[]
2003,[]
2003,[]
2003,[biological]]
2003,[]
2003,[]
2003,[]
2003,[]
2003,[]
2003,[]
2003,[]
2003,[]
2003,[]
2003,[rich]]
2003,[]
2003,[]
2003,[]
2003,[]
2003,[]
2003,[]
2003,[]
2003,[]
2003,[]
2003,[]
2003,[]
2003,[]
2003,[jealous]]
2003,[]
2003,[]
2003,[]
2003,[]
2003,[18th]]
2003,[]
2003,[]
2003,[]
2003,[]
2003,[enthusiastic]]
2003,[disappointed]]
2003,[new]]
2003,[]
2003,[]
2003,[]
2003,[]
2003,[]
2003,[]
2003,[]
2003,[]
2003,[]
2003,[]
2003,[]
2003,[]
2003,[]
2003,[new]]
2003,[]
2003,[]
2003,[]
2003,[]
2003,"[kind, mysterious]]"
2003,[young]
2003,[aspiring]]
2003,[]
2003,[]
2003,[]
2003,[]
2003,[]
2003,[]
2003,[]
2003,[]
2003,[]
2003,[]
2003,[guileless]]
2003,[]
2003,[]
2003,[]
2003,[]
2003,[associate]]
2003,[]
2003,[]
2003,[]
2003,[]
2003,[]
2003,[young]]
2003,[]
2003,[]
2003,[]
2003,[]
2003,[Holy]]
2003,[]
2003,[]
2003,[]
2003,[]
2003,[]
2003,[old]]
2003,[rough]]
2003,[injured]]
2003,[]
2003,[]
2003,[]
2003,[holy]]
2003,[]
2003,[]
2003,[Pakistani]]
2003,[]
2003,[]
2003,[]
2004,[]
2004,[]
2004,[]
2004,[]
2004,[]
2004,[]
2004,[corrupt]]
2004,[]
2004,[]
2004,[]
2004,[]
2004,[]
2004,[senior]]
2004,[]
2004,[]
2004,[]
2004,[]
2004,[]
2004,[]
2004,[terrorist]]
2004,[renowned]
2004,[]
2004,[]
2004,[]
2004,[]
2004,[]
2004,[free]]
2004,[]
2004,[]
2004,[]
2004,[]
2004,[]
2004,[]
2004,[]
2004,[homophobic]]
2004,"[young, changed]]"
2004,[unstable]
2004,[]
2004,[]
2004,[]
2004,[corrupt]]
2004,[]
2004,"[Special], young]]"
2004,[vulnerable]
2004,[]
2004,[]
2004,[]
2004,[]
2004,[]
2004,[]
2004,[young]]
2004,[wealthy]
2004,[]
2004,[]
2004,[]
2004,"[shy, Alone]]"
2004,[Excited]
2004,[]
2004,[]
2004,[]
2004,[]
2004,"[old], rich]]"
2004,[young]
2004,[]
2004,[]
2004,[desperate]]
2004,[]
2004,[]
2004,[]
2004,[]
2004,[]
2004,[]
2004,[]
2004,[]
2004,[]
2004,[]
2004,[]
2004,[]
2004,[]
2004,[]
2004,[bearded]]
2004,[]
2004,[]
2004,[]
2004,[]
2004,[]
2004,[wealthy]]
2004,[]
2004,[]
2004,[]
2004,[]
2004,[]
2004,"[spirited, free]]"
2004,[lighthearted]
2004,[]
2004,[]
2004,[]
2004,[]
2004,[]
2004,[sweet]]
2004,[]
2004,[]
2004,[]
2004,[]
2004,[]
2004,[]
2004,[]
2004,[]
2004,[young]]
2004,[]
2004,[]
2004,[]
2004,[]
2004,[]
2004,[]
2004,[]
2004,[]
2004,[]
2004,[]
2004,[]
2004,[]
2004,[mysterious]]
2004,[]
2004,[]
2004,[]
2004,[]
2004,[ruthless]]
2004,[]
2004,[]
2004,[]
2004,[]
2004,[]
2004,[]
2004,[]
2004,[]
2004,[]
2004,[]
2004,[]
2004,[]
2004,[]
2004,[ruthless]]
2004,[]
2004,[]
2004,[]
2004,[]
2004,[]
2004,[]
2004,[]
2004,[]
2004,[]
2004,[]
2004,[young]]
2004,[]
2004,[]
2004,[]
2004,[]
2004,[]
2004,[]
2004,[nice]]
2004,[rival]]
2004,[]
2004,[]
2004,[]
2004,[unemployed]]
2004,[]
2004,[]
2004,[]
2004,[fiance]]
2004,[]
2004,[]
2004,[]
2004,[luckiest]]
2004,[]
2004,[]
2004,[]
2004,[young]]
2004,[]
2004,[]
2004,[]
2004,[]
2004,[]
2004,[late]]
2004,[]
2004,[young]]
2004,[]
2004,[]
2004,[]
2004,[]
2004,[]
2004,[Indian]]
2004,[]
2004,[]
2004,[]
2004,[]
2004,[]
2004,[carefree]]
2004,[]
2004,[]
2005,[]
2005,[]
2005,[]
2005,[]
2005,[principled]]
2005,[]
2005,[]
2005,[]
2005,[]
2005,[]
2005,[]
2005,[]
2005,[eccentric]]
2005,[]
2005,[]
2005,[]
2005,[]
2005,[]
2005,[]
2005,[lost]]
2005,[honest]]
2005,[happy]]
2005,[]
2005,[]
2005,[]
2005,[]
2005,[young]]
2005,[]
2005,[personal]]
2005,[local]]
2005,[]
2005,[beautiful]]
2005,[]
2005,[]
2005,[]
2005,[]
2005,[]
2005,[jealous]]
2005,[]
2005,[grumbling]]
2005,[smiles]
2005,[]
2005,[]
2005,[]
2005,"[disabled, evil, twin]]"
2005,[deceased]
2005,[shy]]
2005,[]
2005,[]
2005,[]
2005,[]
2005,[]
2005,[]
2005,[]
2005,[]
2005,[bitter]]
2005,[]
2005,[]
2005,[]
2005,[]
2005,[]
2005,[]
2005,[]
2005,[]
2005,[]
2005,[]
2005,[]
2005,[]
2005,[]
2005,[free]]
2005,[firebrand]
2005,[]
2005,[]
2005,[]
2005,[]
2005,[]
2005,[childlike]]
2005,[]
2005,[horrified]]
2005,[terrorist]]
2005,[notorious]
2005,[rich]]
2005,[]
2005,[good]]
2005,[egoistic]
2005,[rich]]
2005,[deaf]
2005,[]
2005,[]
2005,[]
2005,[]
2005,[]
2005,[rough]]
2005,[]
2005,[]
2005,[]
2005,[bilingual]]
2005,[criminal]]
2005,[]
2005,[]
2005,[]
2005,[]
2005,[]
2005,[]
2005,[]
2005,[]
2005,[]
2005,[]
2005,[]
2005,[]
2005,[]
2005,[local]]
2005,[]
2005,[]
2005,[]
2005,[idol]]
2005,[famous]
2005,[]
2005,[]
2005,[]
2005,[]
2005,[]
2005,[]
2005,[]
2005,[]
2005,[]
2005,[]
2005,[]
2005,[]
2005,[]
2005,[]
2005,[]
2005,[]
2005,[]
2005,[]
2005,[]
2005,[]
2005,[wrong]]
2005,[wealthy]]
2005,[illegitimate]]
2005,[deaf]]
2005,[]
2005,[]
2005,[]
2005,[]
2005,[]
2005,[]
2005,[]
2005,[]
2005,[]
2005,[]
2005,[]
2005,[]
2005,[]
2005,[]
2005,[]
2005,[]
2005,[]
2005,[]
2005,[]
2005,[rich]]
2005,[old]
2005,[leading]]
2005,[]
2005,[]
2005,[shrewd]]
2005,[]
2005,[]
2005,[]
2005,[young]]
2005,[]
2005,[]
2005,[]
2005,[]
2005,[]
2005,[]
2005,[]
2005,[]
2005,[]
2005,[]
2005,[]
2005,[]
2005,[]
2005,[]
2005,[]
2005,[]
2005,[]
2005,[upright]]
2005,[mock]]
2005,[]
2005,[]
2005,[]
2005,[]
2005,[]
2005,[]
2005,[young]]
2005,[]
2005,[]
2005,[future]]
2005,[beautiful]]
2005,[]
2005,[]
2005,[]
2005,[]
2005,[]
2005,[future]]
2005,[favourite]]
2005,[]
2005,[]
2005,[]
2005,[]
2005,[]
2005,[]
2005,[]
2005,[captive]]
2005,[]
2005,"[deaf], loving, wealthy]]"
2005,[handsome]
2005,[]
2005,[]
2005,[]
2005,[]
2005,[]
2005,[]
2005,[little]]
2005,[]
2005,[]
2005,[]
2005,[]
2005,[]
2005,[]
2005,[]
2005,[disabled]]
2005,[]
2005,[responsible]]
2005,[]
2005,[]
2005,[]
2005,[jihadi]]
2005,[]
2006,[]
2006,[]
2006,[]
2006,[]
2006,[]
2006,[unable]]
2006,[]
2006,[]
2006,[]
2006,[aimless]]
2006,[new]]
2006,[]
2006,[]
2006,[]
2006,[]
2006,[wealthy]]
2006,[]
2006,[]
2006,[]
2006,[]
2006,[]
2006,[]
2006,[]
2006,[]
2006,[elder]]
2006,[]
2006,[real]]
2006,[fake]
2006,[]
2006,[honest]]
2006,[]
2006,[]
2006,[]
2006,[]
2006,[]
2006,[]
2006,[old]]
2006,[]
2006,[young]]
2006,[]
2006,[retired]]
2006,[dead]]
2006,[]
2006,[]
2006,[]
2006,[]
2006,[]
2006,[]
2006,[]
2006,[]
2006,[]
2006,[]
2006,[]
2006,[]
2006,[]
2006,[]
2006,[]
2006,[]
2006,[]
2006,[]
2006,[]
2006,[]
2006,[]
2006,[selfish]]
2006,"[runaway], impotent]]"
2006,[old]
2006,[]
2006,[]
2006,[]
2006,[]
2006,[]
2006,[]
2006,[]
2006,[]
2006,[]
2006,[]
2006,[]
2006,[real]]
2006,[]
2006,[]
2006,[]
2006,[]
2006,[]
2006,[]
2006,[]
2006,[]
2006,[]
2006,[]
2006,[]
2006,[]
2006,[]
2006,[]
2006,[late]]
2006,[]
2006,[rival]]
2006,[]
2006,[]
2006,[]
2006,[]
2006,[]
2006,[]
2006,[]
2006,[]
2006,[]
2006,[]
2006,[]
2006,[]
2006,[]
2006,[small]]
2006,[]
2006,[]
2006,[]
2006,[real]]
2006,[]
2006,[]
2006,[]
2006,[]
2006,[]
2006,[reluctant]]
2006,[]
2006,[]
2006,[]
2006,[]
2006,[young]]
2006,[]
2006,[]
2006,[]
2006,[]
2006,[]
2006,[]
2006,[]
2006,[]
2006,[]
2006,[]
2006,[]
2006,[good]]
2006,[]
2006,[]
2006,[]
2006,[]
2006,[corrupt]]
2006,[]
2006,[]
2006,[simple]]
2006,[]
2006,[]
2006,[]
2006,[]
2006,[]
2006,[]
2006,[]
2006,[]
2006,[]
2006,[]
2006,[]
2006,[]
2006,[young]]
2006,[]
2006,[]
2006,[]
2006,[]
2006,[]
2006,[]
2006,[]
2006,[]
2006,[]
2006,[]
2006,[powerful]]
2006,[]
2006,[]
2006,[]
2006,[]
2006,[unfortunate]]
2006,[]
2006,[solitary]]
2006,[drunk]]
2006,[]
2006,[]
2006,[evil]]
2006,[]
2006,[]
2006,[]
2006,[]
2006,[]
2006,[]
2006,[rich]]
2006,[]
2006,[]
2006,[]
2006,[]
2006,[]
2006,[]
2006,[]
2006,[]
2006,[]
2006,[]
2006,[]
2006,[]
2006,[]
2006,[]
2006,[]
2006,[]
2006,[]
2006,[]
2006,[]
2006,[]
2006,[]
2006,[]
2006,[]
2006,[anxious]]
2006,[young]]
2006,[homeless]]
2006,[]
2006,[]
2006,[unemployed]]
2006,[]
2006,[]
2006,[]
2006,[]
2006,[]
2006,[]
2006,[]
2006,[political]]
2006,[]
2006,[]
2006,[desperate]]
2006,[]
2006,[]
2006,[spoilt]]
2006,[]
2006,[late]]
2006,[]
2006,[]
2006,[]
2006,[]
2006,[]
2006,[]
2006,[]
2006,[]
2006,[]
2006,[local]]
2006,[]
2006,[]
2006,[bad]]
2006,[indestructible]]
2006,[]
2006,[]
2006,[]
2006,[]
2006,[]
2006,[]
2006,[]
2007,[strict]]
2007,[]
2007,[]
2007,[local]]
2007,[]
2007,[]
2007,[]
2007,[]
2007,[]
2007,[]
2007,[wrong]]
2007,[]
2007,[]
2007,[]
2007,[]
2007,[]
2007,[]
2007,[]
2007,[]
2007,[]
2007,[]
2007,[local]]
2007,[]
2007,[]
2007,[adored]]
2007,[biological]
2007,[]
2007,[]
2007,[spoilt]]
2007,[]
2007,[]
2007,[]
2007,[]
2007,[]
2007,[]
2007,[happy]]
2007,[]
2007,[famous]]
2007,[dead]]
2007,[]
2007,[Lucky]]
2007,[armoured]
2007,[]
2007,[]
2007,[]
2007,[unidentified]]
2007,[]
2007,[Muslim]]
2007,[Indian]
2007,[]
2007,[]
2007,[]
2007,[]
2007,[]
2007,[]
2007,"[pompous, Indian]]"
2007,[arrogant]
2007,[]
2007,[]
2007,[]
2007,[]
2007,[]
2007,[]
2007,[]
2007,[]
2007,[]
2007,[]
2007,[]
2007,[]
2007,[]
2007,[]
2007,[]
2007,[]
2007,[]
2007,[]
2007,[corrupt]]
2007,[]
2007,[]
2007,[]
2007,[]
2007,[notorious]]
2007,[]
2007,[]
2007,[]
2007,[]
2007,[original]]
2007,[]
2007,[]
2007,[biological]]
2007,[]
2007,[]
2007,[]
2007,[]
2007,[]
2007,[]
2007,[]
2007,[poor]]
2007,[]
2007,[]
2007,[]
2007,[]
2007,[]
2007,[]
2007,[]
2007,[]
2007,[]
2007,[]
2007,[right]]
2007,[]
2007,[]
2007,[]
2007,[]
2007,[]
2007,[]
2007,[]
2007,[]
2007,[]
2007,[]
2007,[]
2007,[scared]]
2007,[]
2007,[frustrated]]
2007,[]
2007,[]
2007,[]
2007,[]
2007,[]
2007,[]
2007,[real]]
2007,[]
2007,[young]]
2007,[]
2007,[]
2007,[]
2007,[]
2007,[spoiled]]
2007,[young]
2007,[]
2007,[]
2007,[]
2007,[]
2007,[]
2007,[big]]
2007,[]
2007,[Indian]]
2007,[]
2007,[]
2007,[]
2007,[]
2007,[]
2007,[]
2007,[]
2007,[good]]
2007,[]
2007,[]
2007,[]
2007,[]
2007,[old]]
2007,[]
2007,[]
2007,[]
2007,[newborn]]
2007,[]
2007,[lead]]
2007,"[famous, disorientated]]"
2007,[drunk]
2007,[]
2007,[]
2007,[]
2007,[]
2007,[]
2007,[]
2007,[]
2007,[]
2007,[]
2007,[]
2007,[]
2007,[]
2007,[]
2007,[]
2007,[]
2007,[painstaking]]
2007,[]
2007,[]
2007,[]
2007,[]
2007,[]
2007,[prominent]]
2007,[]
2007,[]
2007,[]
2007,[]
2007,[private]]
2007,[]
2007,[]
2007,[]
2007,[]
2007,[]
2007,[]
2007,[]
2007,[]
2007,[disabled]]
2007,[]
2007,[]
2007,[]
2007,[]
2007,[]
2007,[]
2007,[]
2007,[Lucky]]
2007,[married]]
2007,[]
2007,[decent]]
2007,[]
2008,[simple]]
2008,[]
2008,[small]]
2008,[]
2008,[]
2008,[furious]]
2008,[drunkard]]
2008,[]
2008,[]
2008,[]
2008,[]
2008,[wannabe]]
2008,[]
2008,[]
2008,[]
2008,[]
2008,[]
2008,[]
2008,[]
2008,[]
2008,[]
2008,[]
2008,[rival]]
2008,[]
2008,[]
2008,[commanding]]
2008,[]
2008,[]
2008,[]
2008,[]
2008,[]
2008,[]
2008,[]
2008,[]
2008,[]
2008,[]
2008,[insane]]
2008,[new]]
2008,[]
2008,[]
2008,[]
2008,[]
2008,[]
2008,[]
2008,[]
2008,[]
2008,[]
2008,[late]]
2008,[young]]
2008,[]
2008,[]
2008,[]
2008,[]
2008,[]
2008,[]
2008,[]
2008,[]
2008,[]
2008,[simple]]
2008,[honest]
2008,[]
2008,[]
2008,[]
2008,[]
2008,[]
2008,[]
2008,[]
2008,[]
2008,[lame]]
2008,[]
2008,[]
2008,[old]]
2008,[]
2008,[new]]
2008,[]
2008,[]
2008,[furious]]
2008,[]
2008,[]
2008,[]
2008,[pleased]]
2008,[]
2008,[]
2008,[]
2008,[]
2008,[]
2008,[]
2008,[]
2008,[]
2008,[]
2008,[]
2008,[]
2008,[]
2008,[]
2008,[]
2008,[]
2008,[]
2008,[brave]]
2008,[]
2008,[]
2008,[]
2008,[]
2008,[]
2008,[]
2008,[spirited]]
2008,[terrorist]]
2008,[]
2008,[popular]]
2008,[]
2008,[]
2008,[]
2008,[]
2008,[]
2008,[]
2008,[]
2008,[]
2008,[]
2008,[]
2008,[Lucky]]
2008,[real]]
2008,[]
2008,[]
2008,[]
2008,[]
2008,[]
2008,[]
2008,[]
2008,[elderly]]
2008,[]
2008,[]
2008,[]
2008,[]
2008,[]
2008,[]
2008,[]
2008,[]
2008,[]
2008,[]
2008,[]
2008,[alive]]
2008,[]
2008,[]
2008,[ungrateful]]
2008,[]
2008,[]
2008,[common]]
2008,[]
2008,[]
2008,[]
2008,[unnamed]]
2008,[common]
2008,[]
2008,[incompetent]]
2008,[assistant]
2008,[]
2008,[]
2008,[old]]
2008,[]
2008,[]
2008,[]
2008,[]
2008,[Shakespearean]]
2008,[veteran]
2008,[real]]
2008,[jealous]
2008,[]
2008,[]
2008,[]
2008,[]
2008,[unable]]
2008,[cruel]]
2008,[]
2008,[]
2008,[]
2008,[]
2008,[]
2008,[]
2008,[]
2008,[]
2008,[]
2008,[]
2008,[adopted]]
2008,[young]]
2008,[strapping]
2008,[]
2008,[]
2008,[]
2008,[]
2008,[]
2008,[]
2008,[]
2008,[]
2008,[]
2008,[]
2008,[]
2008,[mute]]
2008,[]
2008,[]
2008,[real]]
2008,[]
2008,[]
2008,[]
2008,[]
2008,[]
2008,[]
2008,[gay]]
2008,[aspiring]
2008,[]
2008,[]
2008,[]
2008,[loving]]
2008,[]
2008,[]
2008,[]
2008,[good]]
2008,[shocked]]
2008,[]
2008,[]
2008,[]
2008,[]
2008,[]
2008,[]
2008,[charismatic]]
2008,[cheery]]
2008,[horrified]]
2008,[]
2008,[]
2008,[]
2008,[]
2008,[]
2008,[]
2008,[]
2008,[]
2008,[]
2008,[]
2008,[]
2008,[]
2008,[]
2008,[]
2008,[]
2008,[]
2008,[]
2008,[]
2008,[]
2008,[]
2008,[]
2008,[]
2008,[]
2008,[]
2008,[]
2008,[]
2008,[]
2008,[]
2008,"[pink, blue, sudden, happy, royal]"
2008,[small]
2009,"[foster], betrays]]"
2009,[unaware]
2009,[]
2009,[Injured]]
2009,[]
2009,[]
2009,[]
2009,[]
2009,[]
2009,[guards]]
2009,[]
2009,[]
2009,[]
2009,[]
2009,[idol]]
2009,[]
2009,[hunky]]
2009,[]
2009,[]
2009,[]
2009,[]
2009,[]
2009,[powerful]]
2009,[]
2009,[]
2009,[]
2009,[young]]
2009,[]
2009,[]
2009,[tribal.Kamble]]
2009,[]
2009,[suspended]]
2009,[]
2009,[]
2009,[superior]]
2009,"[patronizing], young]]"
2009,[cowardly]
2009,[]
2009,[loutish]]
2009,[]
2009,[]
2009,[]
2009,[]
2009,[]
2009,[lunatic]]
2009,[]
2009,[]
2009,[]
2009,[maternal]]
2009,[]
2009,[orthodox]]
2009,[]
2009,[]
2009,[]
2009,[]
2009,[stoic]]
2009,[]
2009,[]
2009,[]
2009,[]
2009,[]
2009,[]
2009,[foster]]
2009,[]
2009,[]
2009,[]
2009,[]
2010,[]
2010,[]
2010,[]
2010,[]
2010,[]
2010,[outraged]]
2010,[]
2010,[]
2010,[]
2010,[]
2010,[]
2010,[]
2010,[]
2010,[]
2010,[]
2010,[]
2010,[]
2010,[]
2010,[]
2010,[]
2010,[]
2010,[]
2010,[]
2010,[]
2010,[]
2010,[]
2010,[]
2010,[]
2010,[]
2010,[]
2010,[]
2010,[acclaimed]]
2010,[]
2010,[young]]
2010,[]
2010,[]
2010,[]
2010,[]
2010,[young]]
2010,[]
2010,[]
2010,[]
2010,[]
2010,[]
2010,[]
2010,[successful]]
2010,[]
2010,[fake]]
2010,[old]]
2010,[]
2010,[elderly]]
2010,[]
2010,[]
2010,[]
2010,[]
2010,[]
2010,[following]]
2010,[old]]
2010,[]
2010,[young]]
2010,[restless]
2010,[]
2010,"[common, simple]]"
2010,[rustic]
2010,[]
2010,[]
2010,[]
2010,[]
2010,[]
2010,[lifeless]]
2010,[]
2010,[old]]
2010,[]
2010,[married]]
2010,[]
2010,[]
2010,[]
2010,[twin]]
2010,[]
2011,[]
2011,[]
2011,[]
2011,[elder]]
2011,[]
2011,[]
2011,[]
2011,[]
2011,[]
2011,[]
2011,[]
2011,[]
2011,"[hostel, naive]]"
2011,[new]
2011,[]
2011,[]
2011,[dead]]
2011,[]
2011,[]
2011,[]
2011,[]
2011,[]
2011,[]
2011,[]
2011,[]
2011,[]
2011,[]
2011,[old]]
2011,[high]]
2011,[careless]
2011,[widowed]]
2011,[]
2011,[]
2011,[dutiful]]
2011,[]
2011,[decent]]
2011,[]
2011,[marrying]]
2011,[]
2011,[]
2011,[]
2011,[gregarious]]
2011,[]
2011,[]
2011,[]
2011,[]
2012,[]
2012,[]
2012,[prosthetic]]
2012,[]
2012,[]
2012,[]
2012,[]
2012,[]
2012,[]
2012,[]
2012,[common]]
2012,[bad]]
2012,[Manku]]
2012,[]
2012,[]
2012,[]
2012,[domineering]]
2012,[hesitant]]
2012,[strict]]
2012,[]
2012,[]
2012,[]
2012,[]
2012,[]
2012,[]
2012,[]
2012,[]
2012,[]
2012,[]
2012,[]
2012,[]
2012,[]
2012,[retired]]
2012,[chief]]
2012,[]
2012,[]
2012,[]
2012,[]
2012,[]
2012,[]
2012,[]
2012,[]
2012,[shy]]
2012,[]
2012,[]
2012,[]
2012,"[young], poor]]"
2012,[old]
2012,[]
2012,[]
2012,[]
2012,[]
2012,[]
2012,[]
2012,[innocent]]
2012,[]
2012,[]
2012,[]
2012,[depressed]]
2012,[]
2012,[]
2012,[]
2012,[]
2012,[]
2012,[]
2013,[]
2013,[]
2013,"[little], twin]]"
2013,[autistic]
2013,[]
2013,[]
2013,[]
2013,[]
2013,[]
2013,[]
2013,[]
2013,[]
2013,[]
2013,[]
2013,[wealthy]]
2013,[]
2013,[]
2013,[]
2013,[]
2013,[]
2013,[]
2013,[]
2013,[]
2013,[]
2013,[common]]
2013,[]
2013,[]
2013,[]
2013,[]
2013,[]
2013,[supporting]]
2013,[]
2013,[]
2013,[]
2013,[]
2013,[]
2013,[]
2013,[]
2013,[]
2013,[]
2013,[]
2013,[]
2013,[]
2013,[]
2013,[]
2013,[]
2013,[]
2013,[]
2013,[]
2013,[]
2013,[]
2013,[]
2013,[]
2013,[]
2013,[record]]
2013,[]
2014,[]
2014,[]
2014,[]
2014,[]
2014,[]
2014,[terrorist]]
2014,[wanted]
2014,[]
2014,[]
2014,[]
2014,[]
2014,[]
2014,[wounded]]
2014,[]
2014,[]
2014,[]
2014,[]
2014,[]
2014,[]
2014,[terrorist]]
2014,[]
2014,[]
2014,[]
2014,[]
2014,[]
2014,[]
2014,[]
2014,[rich]]
2014,"[mysterious, unsuccessful]]"
2014,[young]
2014,[]
2014,[]
2014,[]
2014,[]
2014,[]
2014,[local]]
2014,[]
2015,[]
2015,[]
2015,[]
2015,[]
2015,[]
2015,[]
2015,[]
2015,[unemployed]]
2015,[]
2015,[]
2015,[]
2015,[real]]
2015,[]
2015,[]
2015,[]
2015,[]
2015,[]
2015,[]
2015,[]
2015,[]
2015,[terrorist]]
2015,[]
2015,[]
2015,[deep]]
2015,[]
2015,[]
2015,[]
2015,[crazy]]
2015,[]
2015,[]
2015,[]
2015,[]
2015,[]
2015,[]
2015,[]
2015,[]
2015,[infamous]]
2015,[]
2015,[changed]]
2015,[]
2015,[]
2015,[]
2015,[]
2015,[]
2015,[]
2015,[]
2015,[]
2015,[functioning]]
2015,[]
2015,[]
2015,[]
2015,[]
2015,[]
2015,[]
2015,[]
2015,[]
2015,[]
2015,[popular]]
2015,[]
2015,[local]]
2015,[]
2015,[frustrated]]
2015,[]
2015,[]
2015,[wise]]
2015,[young]]
2015,[]
2015,[]
2015,[]
2015,[cousins]]
2015,"[orthodox, obese]]"
2015,[buffoonish]
2015,[]
2015,[]
2015,[happy]]
2015,[]
2015,[]
2015,[]
2015,[]
2015,[]
2015,[real]]
2015,[]
2015,[Muslim]]
2015,[]
2015,[]
2015,[]
2015,[]
2015,[young]]
2015,[attractive]
2015,[]
2015,[]
2015,[]
2015,[invisible]]
2015,[]
2015,[]
2015,[]
2015,[]
2015,[]
2015,[powerful]]
2015,[dead]]
2015,[]
2015,[]
2015,"[fake], secure]]"
2015,[strong]
2015,[]
2015,[]
2015,[]
2015,[]
2015,[]
2015,[]
2015,[]
2015,[]
2015,[]
2015,[wealthy]]
2015,[]
2015,[]
2015,[]
2015,[]
2015,[]
2015,[]
2015,[]
2015,[]
2015,[]
2015,[]
2015,[]
2015,[]
2015,[]
2015,[]
2015,[]
2015,[]
2015,[]
2015,[]
2015,[]
2015,[elderly]]
2015,[]
2015,[]
2015,[]
2015,[]
2015,[jealous]]
2015,[]
2015,[]
2015,[]
2015,[]
2015,[]
2015,[]
2015,[]
2015,[]
2015,[]
2015,[]
2015,[]
2015,[]
2015,[late]]
2015,[future]]
2015,[new]
2015,[]
2015,[infant]]
2015,[]
2015,"[young, adventurous]]"
2015,[strong]
2015,[]
2015,[tearful]]
2015,[]
2015,[Pakistani]]
2015,[]
2015,[Pakistani]]
2015,[]
2015,[]
2015,[]
2015,[Indian]]
2015,[]
2015,[]
2015,[]
2015,[]
2015,[]
2015,[]
2015,[]
2015,[angry]]
2015,[corrupt]
2015,[]
2015,[]
2015,[]
2015,[]
2015,[]
2015,[]
2015,[]
2015,[]
2015,[]
2015,[]
2015,[]
2015,[]
2015,[second]]
2015,[]
2015,[]
2015,[]
2015,[]
2015,[]
2015,[]
2015,[decent]]
2015,[]
2015,[]
2015,[]
2015,[ordinary]]
2015,[future]]
2015,[]
2015,[]
2015,[]
2015,[]
2015,[]
2015,[]
2015,[]
2015,[]
2015,[]
2015,[]
2015,[]
2015,[]
2015,[nice]]
2015,[]
2015,[assistant]]
2015,[]
2015,[]
2015,[]
2015,[]
2015,[]
2015,[]
2015,[powerful]]
2015,[]
2015,[]
2015,[]
2015,[]
2015,[]
2015,[]
2015,[]
2015,[married]]
2015,[wealthy]
2015,[]
2015,[]
2015,[real]]
2015,[]
2015,[]
2015,[]
2015,[]
2015,[]
2015,[]
2015,[cross]]
2015,[]
2015,[]
2015,[young]]
2015,[]
2015,"[matured, adult, free]]"
2015,[young]
2015,[]
2015,[]
2015,[]
2015,[]
2015,[newborn]]
2015,[vengeful]
2015,[]
2015,[]
2015,[]
2015,[]
2015,[]
2015,[young]]
2014,[]
2014,[moneyed]]
2014,[]
2014,[international]]
2014,[criminal]
2014,"[rich, local]]"
2014,[masked]
2014,[]
2014,[]
2014,[]
2014,[]
2014,[]
2014,[]
2014,[]
2014,[]
2014,[]
2014,[]
2014,[young]]
2014,[]
2014,[]
2014,[]
2014,[]
2014,[]
2014,[]
2014,[]
2014,[]
2014,[]
2014,[]
2014,[]
2014,[]
2014,[]
2014,[]
2014,[]
2014,[]
2014,[]
2014,[]
2014,[]
2014,[]
2014,[]
2014,[]
2014,[]
2014,[typical]]
2014,[]
2014,[]
2014,[]
2014,[]
2014,[]
2014,[]
2014,[]
2014,"[willful], old]]"
2014,[lunatic]
2014,[]
2014,[]
2014,[]
2014,[]
2014,[]
2014,[]
2014,[victorious]]
2014,[young]]
2014,[]
2014,[]
2014,[]
2014,[]
2014,[]
2014,[associate]]
2014,[]
2014,[]
2014,[]
2014,[previous]]
2014,[]
2014,[]
2014,[underprivileged]]
2014,[]
2014,[]
2014,[]
2014,[balanced]]
2014,[]
2014,[]
2014,[]
2014,[]
2014,[]
2014,[]
2014,[upright]]
2014,[]
2014,[]
2014,[]
2014,[]
2014,[]
2014,[]
2014,[]
2014,[twin]]
2014,[]
2014,[jealous]]
2014,[]
2014,[]
2014,[]
2014,[young]]
2014,[]
2014,[]
2014,[]
2014,[masked]]
2014,[]
2014,[]
2014,[]
2014,[senior]]
2014,[influential]]
2014,[]
2014,[]
2014,[]
2014,[]
2014,[hot]]
2014,[hot]]
2014,[]
2014,[]
2014,[]
2014,[]
2014,[]
2014,[]
2014,[rich]]
2014,[long]]
2014,[lost]
2014,[local]]
2014,[]
2014,[]
2014,[]
2014,[]
2014,[]
2014,[black]]
2014,[]
2014,[real]]
2014,[]
2014,[]
2014,[]
2014,[]
2014,[]
2014,[]
2014,[]
2014,[]
2014,[]
2014,[seasoned]]
2014,[]
2014,[]
2014,[]
2014,[Asian]]
2014,[]
2014,[]
2014,[]
2014,[deranged]]
2014,[Russian]
2014,[]
2014,[]
2014,[]
2014,[]
2014,[]
2014,[]
2014,[]
2014,[]
2014,[]
2014,[assistant]]
2014,[]
2014,[]
2013,[]
2013,[]
2013,[]
2013,[]
2013,[]
2013,[]
2013,[]
2013,[]
2013,[drunk]]
2013,[]
2013,[religious]]
2013,[corrupt]]
2013,[]
2013,"[young, controlling]]"
2013,[arrogant]
2013,[]
2013,[orphan]]
2013,[young]
2013,[wealthy]]
2013,[]
2013,[]
2013,[]
2013,[angry]]
2013,[]
2013,[]
2013,[innocent]]
2013,[old]
2013,[]
2013,[]
2013,[British]]
2013,[]
2013,[]
2013,[]
2013,[late]]
2013,[enraged]]
2013,[]
2013,[]
2013,[local]]
2013,[]
2013,[]
2013,[]
2013,[]
2013,[]
2013,[]
2013,[]
2013,[]
2013,[]
2013,"[desperate], criminal]]"
2013,[prominent]
2013,[]
2013,[guilty]]
2013,[drunk]
2013,[]
2013,[]
2013,[]
2013,[]
2013,[]
2013,[similar]]
2013,[]
2013,[]
2013,[]
2013,[]
2013,[]
2013,[]
2013,[]
2013,[]
2013,[]
2013,[]
2013,[]
2013,"[single], paranoid]]"
2013,[aggressive]
2013,[conscious]]
2013,[odd]]
2013,[]
2013,[]
2013,[]
2013,[]
2013,[]
2013,[]
2013,[second]]
2013,[]
2013,[]
2013,[]
2013,[]
2013,[]
2013,[]
2013,[]
2013,[]
2013,[]
2013,[]
2013,[]
2013,[]
2013,[]
2013,[]
2013,[]
2013,[twin]]
2013,[twin]]
2013,[]
2013,[]
2013,[]
2013,[]
2013,[]
2013,[]
2013,[]
2013,[]
2013,[]
2013,[]
2013,[twin]]
2013,[]
2013,[]
2013,[]
2013,[]
2013,[]
2013,[]
2013,[homeless]]
2013,[]
2013,[]
2013,[]
2013,[]
2013,[]
2013,[]
2013,[]
2013,[innocent]]
2013,[]
2013,[bereft]]
2013,[]
2013,[]
2013,[]
2013,[]
2013,[]
2013,[]
2013,[]
2013,[]
2013,[]
2013,[]
2013,[handsome]]
2013,[]
2013,[]
2013,[strict]]
2013,[old]]
2013,[]
2013,[]
2013,[]
2013,[]
2013,[rich]]
2013,[]
2013,[]
2013,[]
2013,[]
2013,[]
2013,[]
2013,[]
2013,[]
2013,[]
2013,[]
2013,[]
2013,[]
2013,[]
2013,[]
2013,[]
2013,[delinquent]]
2013,[scheming]]
2013,[]
2013,[]
2013,[violent]]
2013,[unbeknownst]]
2013,[]
2013,[loyal]]
2013,[]
2013,[]
2013,[]
2013,[]
2013,[]
2013,[bearded]]
2013,[]
2013,[]
2013,[]
2013,[idealistic]]
2013,[]
2013,[]
2013,[]
2013,[]
2013,[]
2013,[]
2013,[]
2013,[powerful]]
2013,[]
2013,[]
2013,[]
2013,[]
2013,[foolish]]
2013,[brave]]
2013,[real]]
2013,[]
2013,[]
2013,[]
2013,[]
2013,[couple]]
2013,[]
2012,[]
2012,[]
2012,[]
2012,[]
2012,[]
2012,[]
2012,[]
2012,[]
2012,[]
2012,[]
2012,[]
2012,[]
2012,[]
2012,[]
2012,[]
2012,[]
2012,[]
2012,[]
2012,[]
2012,[]
2012,[]
2012,[]
2012,[angel]]
2012,[]
2012,[]
2012,[]
2012,[]
2012,[]
2012,[new]]
2012,[young]]
2012,[]
2012,[]
2012,[useless]]
2012,[]
2012,[]
2012,[]
2012,[]
2012,[]
2012,[]
2012,[]
2012,[]
2012,[intelligent]]
2012,[young]
2012,[]
2012,[]
2012,[]
2012,[]
2012,[]
2012,[]
2012,[]
2012,[]
2012,[]
2012,[]
2012,[]
2012,[]
2012,[]
2012,[]
2012,[]
2012,[]
2012,[]
2012,[]
2012,[aspiring]]
2012,[British]]
2012,[]
2012,[]
2012,[]
2012,[]
2012,[effeminate]]
2012,[powerful]
2012,[]
2012,[]
2012,[]
2012,[]
2012,[flirtatious]]
2012,[]
2012,[]
2012,[]
2012,[]
2012,[]
2012,[]
2012,[]
2012,[]
2012,[]
2012,[]
2012,[]
2012,[]
2012,[]
2012,[]
2012,[]
2012,[]
2012,[]
2012,[]
2012,[young]]
2012,[]
2012,[]
2012,[Faizal]]
2012,[]
2012,[]
2012,[]
2012,[]
2012,[]
2012,[]
2012,[]
2012,[]
2012,[]
2012,[]
2012,[late]]
2012,[]
2012,[]
2012,[]
2012,[fictitious]]
2012,[]
2012,[]
2012,[]
2012,[young]]
2012,[ordinary]]
2012,[]
2012,[]
2012,[lead]]
2012,[]
2012,[lost]]
2012,[]
2012,[]
2012,[]
2012,[]
2012,[strong]]
2012,[silent]
2012,[]
2012,[]
2012,[young]]
2012,[French]]
2012,[]
2012,[young]]
2012,[]
2012,[]
2012,[]
2012,[diffident]]
2012,[strict]]
2012,[tutor]]
2012,[]
2012,[]
2012,[]
2012,[]
2012,[lively]]
2012,[]
2012,[elder]]
2012,[]
2012,[]
2012,[]
2012,[perfect]]
2012,[]
2012,[]
2012,[]
2012,[]
2012,[]
2012,[]
2012,[]
2012,[]
2012,[]
2012,[]
2012,[]
2012,[old]]
2012,[]
2012,[]
2012,[young]]
2012,[]
2012,[]
2012,[bitter]]
2012,[]
2012,[]
2012,[unemployed]]
2012,[]
2012,[]
2012,[]
2012,[]
2012,[superior]]
2012,[assistant]]
2012,[dead]]
2012,[]
2012,[]
2012,[]
2012,[]
2012,[]
2012,[]
2012,[]
2012,[]
2012,[]
2012,[]
2012,[]
2012,[]
2012,[perfect]]
2012,[depressed]]
2012,[]
2012,[]
2012,[]
2012,[]
2012,[]
2012,[]
2012,[]
2011,[]
2011,[]
2011,[]
2011,[]
2011,[]
2011,[]
2011,[]
2011,[]
2011,[]
2011,[real]]
2011,[]
2011,[]
2011,[Frustrated]]
2011,[tail]]
2011,[]
2011,[middle]]
2011,[gravesite]]
2011,[]
2011,[]
2011,[]
2011,[]
2011,[]
2011,[]
2011,[]
2011,[]
2011,[]
2011,[]
2011,[]
2011,[]
2011,[]
2011,[]
2011,[]
2011,[]
2011,[]
2011,[]
2011,[]
2011,[]
2011,[]
2011,[rich]]
2011,[charming]
2011,[]
2011,[]
2011,[]
2011,[]
2011,[]
2011,[]
2011,[]
2011,[]
2011,[]
2011,[]
2011,[local]]
2011,[]
2011,[]
2011,[]
2011,[Senior]]
2011,[]
2011,[]
2011,[]
2011,[]
2011,[]
2011,[]
2011,[]
2011,[]
2011,[]
2011,[]
2011,[]
2011,[]
2011,[]
2011,[respective]]
2011,[]
2011,[]
2011,[]
2011,[]
2011,[]
2011,[upright]]
2011,[]
2011,[]
2011,[]
2011,[]
2011,[]
2011,[]
2011,[]
2011,[]
2011,[]
2011,[]
2011,[]
2011,[]
2011,[]
2011,[]
2011,[]
2011,[]
2011,[]
2011,[]
2011,[]
2011,[]
2011,[]
2011,[]
2011,[]
2011,[old]]
2011,[]
2011,[]
2011,[]
2011,[]
2011,[]
2011,[]
2011,[associate]]
2011,[furious]]
2011,[]
2011,[]
2011,[furious]]
2011,[]
2011,[]
2011,[]
2011,[]
2011,[]
2011,[]
2011,[]
2011,[]
2011,[]
2011,[]
2011,[biological]]
2011,[]
2011,[new]]
2011,[]
2011,[]
2011,[]
2011,[local]]
2011,[]
2011,[]
2011,[]
2011,[unaware]]
2011,[senior]
2011,[]
2011,[]
2011,[]
2011,[]
2011,[simple]]
2011,"[drifter, unemployed]]"
2011,[young]
2011,[]
2011,[]
2011,[bemused]]
2011,[]
2011,[]
2011,[]
2011,[]
2011,[]
2011,[]
2011,[]
2011,[]
2011,[]
2011,[]
2011,[]
2011,[]
2011,[]
2011,[]
2011,[]
2011,[]
2011,[]
2011,[]
2011,[]
2011,[]
2011,[]
2011,[]
2011,[]
2011,[]
2011,[]
2011,[]
2011,[]
2011,[]
2011,[]
2011,[blind]]
2011,[]
2011,[]
2011,[]
2011,[]
2011,[]
2011,[]
2011,[good]]
2011,[emotional]]
2011,[local]]
2011,[]
2011,[]
2011,[]
2011,[]
2011,[]
2011,[]
2011,[]
2011,[]
2011,[]
2011,[]
2011,[]
2011,[]
2011,[]
2011,[]
2011,[]
2011,[]
2011,[]
2011,[conservative]]
2011,[]
2011,[simple]]
2011,[bitter]]
2011,[]
2011,[]
2011,[]
2011,[]
2011,[]
2011,[]
2011,[]
2011,[]
2011,[]
2011,"[pornographic, upcoming]]"
2011,[new]
2011,[]
2011,[veteran]]
2011,[]
2011,[]
2011,[honest]]
2011,[]
2011,[]
2011,[]
2011,[]
2011,[rival]]
2011,[old]
2010,[]
2010,[young]]
2010,[]
2010,[real]]
2010,[]
2010,[]
2010,[]
2010,[]
2010,[]
2010,[]
2010,[]
2010,[English]]
2010,[new]
2010,[]
2010,[]
2010,[]
2010,[wounded]]
2010,[]
2010,[elderly]]
2010,[]
2010,[]
2010,[]
2010,[]
2010,[]
2010,[]
2010,[suspicious]]
2010,[]
2010,[]
2010,[]
2010,[]
2010,[common]]
2010,[]
2010,[]
2010,[]
2010,[desperate]]
2010,[]
2010,[]
2010,"[homicidal, vicious]]"
2010,[jealous]
2010,[powerful]]
2010,[]
2010,[future]]
2010,[]
2010,[]
2010,[leftist]]
2010,[]
2010,[]
2010,[]
2010,[]
2010,[]
2010,[]
2010,[]
2010,[]
2010,[]
2010,[]
2010,[]
2010,[chief]]
2010,[]
2010,[]
2010,[]
2010,[brokenhearted]]
2010,[]
2010,[]
2010,[]
2010,[]
2010,[]
2010,[]
2010,[]
2010,[]
2010,[]
2010,[]
2010,[stern]]
2010,[hearted]]
2010,[young]
2010,[]
2010,[]
2010,[grown]]
2010,[young]
2010,[]
2010,[]
2010,[]
2010,[]
2010,[]
2010,[]
2010,[]
2010,[]
2010,[]
2010,[]
2010,[]
2010,[]
2010,[]
2010,[]
2010,[]
2010,[flirtatious]]
2010,[]
2010,[]
2010,[]
2010,[lead]]
2010,[]
2010,[]
2010,[]
2010,[]
2010,[]
2010,[sympathetic]]
2010,[]
2010,[]
2010,[]
2010,[]
2010,[]
2010,[]
2010,[]
2010,[young]]
2010,[]
2010,[]
2010,[]
2010,[]
2010,[]
2010,[]
2010,[]
2010,[]
2010,[]
2010,[]
2010,[]
2010,[idiotic]]
2010,[]
2010,[]
2010,[]
2010,[]
2010,[]
2010,[]
2010,[]
2010,[aspiring]]
2010,[]
2010,[]
2010,[]
2010,[young]]
2010,[]
2010,[]
2010,[]
2010,[]
2010,[]
2010,[flat]]
2010,[]
2010,[]
2010,[]
2010,[]
2010,[happy]]
2010,[young]
2010,[]
2010,[]
2010,[]
2010,[]
2010,[]
2010,[]
2010,[]
2010,[]
2010,[]
2010,[local]]
2010,[]
2010,[]
2010,[local]]
2010,[]
2010,[]
2010,[]
2010,[]
2010,[]
2010,[Senior]]
2010,[]
2010,[]
2010,[]
2010,[]
2010,[]
2010,[]
2010,[]
2010,[reclusive]]
2010,[]
2010,[]
2010,"[old, second]]"
2010,[haggard]
2010,[]
2010,[]
2010,[]
2010,[greedy]]
2010,[]
2010,[]
2010,[]
2010,[demanding]]
2010,[hostile]
2010,[]
2010,[]
2010,[]
2010,[famous]]
2010,[]
2010,[noble]]
2010,[]
2009,[]
2009,[surrogate]]
2009,[]
2009,[]
2009,[hellish]]
2009,[confederate]]
2009,[]
2009,[]
2009,[]
2009,[]
2009,[]
2009,[]
2009,[]
2009,[]
2009,[]
2009,[]
2009,[]
2009,[]
2009,[bereft]]
2009,"[young], Muslim]]"
2009,[young]
2009,[]
2009,[]
2009,[]
2009,[]
2009,[]
2009,[]
2009,[divorced]]
2009,[]
2009,[]
2009,[]
2009,[blockbuster]]
2009,[leading]
2009,[]
2009,[]
2009,[]
2009,[]
2009,[]
2009,[]
2009,[]
2009,[]
2009,[inebriated]]
2009,[]
2009,[policemen]]
2009,[]
2009,[twin]]
2009,[]
2009,[]
2009,[]
2009,[]
2009,[]
2009,[valid]]
2009,[]
2009,[]
2009,[]
2009,[]
2009,[]
2009,[]
2009,[short]]
2009,[]
2009,[second]]
2009,[]
2009,[]
2009,[]
2009,[]
2009,[]
2009,[]
2009,[]
2009,[]
2009,[late]]
2009,[]
2009,[]
2009,[]
2009,[]
2009,[legendary]]
2009,[]
2009,[]
2009,[]
2009,[]
2009,[old]]
2009,[local]]
2009,[]
2009,[]
2009,[young]]
2009,[]
2009,[]
2009,[]
2009,[]
2009,[]
2009,[]
2009,[]
2009,[]
2009,[]
2009,[]
2009,[]
2009,[]
2009,[adopted]]
2009,[]
2009,[]
2009,[]
2009,[]
2009,[selfish]]
2009,[]
2009,[]
2009,[]
2009,[]
2009,[rich]]
2009,[elderly]
2009,[]
2009,[]
2009,[]
2009,[]
2009,[carefree]]
2009,[]
2009,[]
2009,[wealthy]]
2009,[]
2009,[]
2009,[local]]
2009,[mute]
2009,[]
2009,[elder]]
2009,[wealthy]
2009,[]
2009,[]
2009,[]
2009,[]
2009,[]
2009,[certain]]
2009,[]
2009,[]
2009,[sad]]
2009,[old]
2009,[old]]
2009,[]
2009,[]
2009,[]
2009,[]
2009,[]
2009,[present]]
2009,[]
2009,[]
2009,[]
2009,[]
2009,[]
2009,[]
2009,[]
2009,[]
2009,[]
2009,[opposite]]
2009,[]
2009,[]
2009,[]
2009,[]
2009,[]
2009,[]
2009,[]
2009,[]
2009,[]
2009,[]
2009,[]
2009,[]
2009,[]
2009,[]
2009,[]
2009,[intelligent]]
2009,[happy]
2009,[annoyed]]
2009,[]
2009,[]
2009,[successful]]
2009,[]
2009,[]
2009,[]
2009,[]
2009,[]
2009,[young]]
2009,[]
2009,[real]]
2009,[]
2009,"[medical, arrogant]]"
2009,[extraordinary]
2009,[]
2009,"[mere], successful]]"
2009,[favorite]
2009,[]
2009,[]
1986,[]
1986,[]
1986,[]
1986,[healthy]]
1986,[]
1986,[]
1986,[]
1986,[respective]]
1986,[]
1986,[]
1986,[]
1986,[old]]
1986,[]
1986,[]
1986,[]
1986,[adult]]
1986,[]
1986,[]
1986,[]
1986,[old]]
1986,[blind]
1986,[enraged]]
1986,[]
1986,[teenage]]
1986,[]
1986,[]
1986,[]
1986,[]
1986,[]
1986,[rich]]
1986,[]
1986,[young]]
1986,[Orphaned]]
1986,[]
1986,[]
1986,[]
1986,[]
1986,[]
1986,[]
1986,[]
1986,[]
1986,[]
1970,[]
1970,[]
1986,[local]]
1986,[cunning]
1986,[]
1986,[]
1986,[]
1986,"[following, terrorist]]"
1986,[major]
1986,[]
1986,[]
1986,[innocent]]
1986,[sick]]
1986,[angry]
1986,[]
1986,[]
1970,[]
1986,[]
1986,[]
1986,[]
1986,[]
1986,[adopted]]
1986,[]
1986,[responsible]]
1986,[]
1986,[]
1986,[]
1986,[]
1986,[]
1986,[]
1986,[]
1986,[cunning]]
1986,[ordinary]]
1970,[]
1970,[]
1970,[]
1986,[]
1971,[]
1971,[]
1986,[]
1986,[sluggish]]
1986,[]
1986,[blind]]
1986,[old]]
1986,[]
1986,[young]]
1986,[]
1986,[]
1986,[]
1986,[]
1986,[]
1986,[blind]]
1986,[]
1986,[]
1986,[]
1986,[]
1986,[]
1986,[]
1986,[]
1986,[]
1986,[]
1986,[]
1986,[]
1986,[]
1986,[]
1986,[]
1986,[]
1986,[]
1986,[young]]
1986,[]
1986,[]
1986,[]
1971,[]
1971,[blind]]
1971,[]
1971,[]
1971,[]
1972,[]
1972,[]
1972,[]
1972,[]
1972,[]
1972,[]
1972,[second]]
1972,[]
1972,[]
1972,[]
1972,[]
1972,"[little], rich]]"
1972,[poor]
1972,[]
1971,[]
1971,[petty]]
1971,[]
1971,[]
1972,[]
1972,[young]]
1972,"[small, honest]]"
1972,[young]
1972,[honest]]
1972,[]
1972,[]
1972,[young]]
1972,[]
1972,[]
1972,[]
1972,[second]]
1972,[elder]
1972,[rich]]
1972,[]
1972,[]
1972,[]
1972,[]
1972,[]
1972,[real]]
1972,[]
1972,[]
1972,[reputed]]
1972,[]
1972,[]
1972,[]
1972,[]
1972,[]
1972,[]
1972,[]
1971,[]
1971,[]
1971,[]
1971,[sharpshooting]]
1971,[]
1972,[]
1972,[]
1972,[]
1972,[]
1972,[horrified]]
1972,[]
1972,[crippled]]
1972,[]
1972,[honourable]]
1972,[]
1972,[]
1972,[]
1972,[]
1972,[]
1972,[]
1972,[old]]
1972,[elder]]
1972,[]
1972,[]
1972,[]
1972,[]
1972,[]
1972,[]
1972,[]
1972,[second]]
1972,[masked]
1972,[]
1972,[]
1972,[]
1972,[]
1972,[]
1972,[]
1972,[]
1972,[aspiring]]
1972,[]
1972,[]
1972,[rich]]
1972,[]
1972,[]
1972,[]
1972,[]
1972,[]
1972,[]
1972,[unseen]]
1972,[]
1972,[]
1972,[normal]]
1972,[]
1972,[]
1972,[]
1972,[]
1972,[]
1972,[]
1972,[unemployed]]
1972,[young]
1972,[]
1972,[]
1972,[]
1972,[]
1972,[]
1972,[]
1972,[]
1972,[]
1972,[]
1972,[]
1972,[]
1972,[]
1972,[]
1972,[]
1972,[]
1972,[poor]]
1972,[]
1972,[]
1972,[]
1972,[rogue]]
1972,[]
1973,[]
1973,[]
1973,[]
1973,[]
1973,[]
1972,[]
1972,[]
1972,[]
1972,[]
1972,[]
1972,[]
1972,[]
1972,[wealthy]]
1973,[]
1973,[]
1972,[]
1972,[]
1972,[dead]]
1973,[]
1973,[insulting]]
1973,"[rich, eccentric]]"
1973,[rich]
1973,[]
1973,[]
1973,[]
1973,[]
1972,[civil]]
1972,[]
1972,[cruel]]
1972,[]
1972,[]
1972,[]
1972,[local]]
1994,[]
1994,[]
1994,[]
1994,[]
1994,[]
1994,[]
1994,[]
1994,[particular]]
1994,[]
1994,[]
1994,[]
1994,[real]]
1994,[dead]
1994,[poor]]
1994,[]
1994,[]
1973,[]
1994,[]
1994,[]
1994,[]
1994,[]
1994,[]
1994,[twin]]
1994,[]
1994,[]
1994,[]
1994,[]
1994,[]
1994,[]
1994,[]
1994,[]
1994,[]
1994,[]
1994,[]
1994,[]
1994,[]
1994,[]
1994,[]
1994,[]
1994,[imposing]]
1994,[]
1994,[]
1994,[]
1994,[]
1994,[]
1994,[]
1994,[]
1994,[]
1994,[]
1973,[]
1994,[innocent]]
1973,[]
1973,[young]]
1973,[]
1994,[]
1994,[]
1994,[reluctant]]
1994,[]
1994,[]
1994,[Honest]]
1994,[inside]]
1994,[]
1994,[]
1994,[]
1994,[]
1994,[]
1994,[]
1994,[]
1994,[]
1994,[]
1994,[]
1994,[]
1994,[]
1994,[]
1994,[]
1994,[]
1994,[dutiful]]
1994,[young]]
1994,[]
1994,[reckless]]
1994,"[eldest, angry]]"
1994,[young]
1994,[]
1994,[unemployed]]
1994,[]
1994,[]
1994,[]
1994,[]
1994,[]
1994,[]
1994,[]
1994,[]
1994,[]
1994,[]
1994,[]
1994,[]
1994,[]
1994,[]
1994,[]
1994,[]
1994,[]
1994,[]
1994,[]
1994,[]
1994,[]
1994,[]
1994,[]
1994,[]
1994,"[second], textile]]"
1994,[competing]
1994,[]
1994,[]
1994,[]
1994,[]
1994,[]
1994,[]
1994,[]
1994,[]
1994,[]
1994,[]
1994,[]
1994,[nice]]
1994,[]
1994,[]
1994,[]
1994,[wealthy]]
1994,[]
1994,[]
1994,[]
1994,[]
1994,[old]]
1994,[]
1994,[millionaire]]
1994,[]
1994,[]
1994,[]
1994,[]
1994,[young]]
1994,[]
1994,[]
1994,[]
1994,[]
1994,[]
1994,[]
1994,[]
1994,[]
1994,[]
1994,[]
1994,[]
1994,[]
1994,[]
1994,[]
1994,[]
1994,[]
1994,[]
1995,[]
1995,[]
1995,[nameless]]
1995,[]
1995,[]
1995,[]
1995,[]
1995,[]
1995,[]
1995,[]
1995,[]
1995,[]
1995,[]
1995,[]
1995,[]
1995,[]
1995,[]
1995,[]
1995,[]
1974,[]
1974,[]
1974,"[licentious], deceased, rich]]"
1974,[mad]
1974,[]
1995,[]
1995,[]
1995,[]
1995,[]
1995,[]
1995,[]
1995,[]
1995,[]
1995,[]
1995,[]
1995,[dead]]
1995,[]
1995,[]
1995,[]
1995,[]
1995,[]
1995,[]
1995,[]
1995,[]
1995,[]
1995,[]
1995,[simple]]
1995,[]
1995,[]
1995,[]
1995,[]
1995,[]
1974,[]
1974,[foster]]
1974,[unknown]]
1995,"[biological, dashing]]"
1995,[young]
1995,[]
1995,[]
1995,[]
1995,[wealthy]]
1995,[]
1995,[]
1995,[wealthy]]
1995,[]
1995,[]
1995,[]
1995,[]
1995,[]
1995,[]
1995,[]
1995,[]
1995,[legitimate]]
1995,[]
1995,[]
1995,[old]]
1995,[]
1995,[]
1995,[]
1995,[]
1995,[]
1995,[]
1995,[]
1995,[]
1995,[]
1995,[]
1995,[]
1995,[]
1995,[]
1995,[]
1995,[]
1995,[]
1995,[]
1995,[]
1995,[]
1995,[]
1995,[]
1995,[nameless]]
1995,[]
1995,[]
1995,[]
1995,[]
1995,[fellow]]
1995,[]
1995,[]
1995,[]
1995,[]
1995,[]
1995,[]
1995,[]
1995,[]
1974,[]
1974,[]
1974,[]
1995,[young]]
1995,[rich]]
1995,[]
1995,[]
1995,[]
1995,[]
1995,[real]]
1995,[]
1995,[]
1995,[]
1995,[]
1995,[]
1995,[]
1995,[]
1995,[]
1995,[good]]
1995,[]
1995,[helpless]]
1995,[]
1995,[]
1995,[]
1995,[]
1995,[common]]
1995,[]
1995,[new]]
1995,[]
1995,[]
1995,[]
1995,[]
1995,[]
1995,[]
1995,[]
1995,[]
1995,[]
1995,[]
1995,[]
1995,[lively]]
1975,[]
1975,"[gullible], brash]]"
1975,[suave]
1975,"[young, confident]]"
1975,[shy]
1975,[]
1975,[]
1975,[]
1975,[dead]]
1975,[]
1975,[powerful]]
1975,[]
1975,[]
1975,[]
1975,[nomadic]]
1975,[]
2012,[]
2012,"[respected, pregnant]]"
2012,[young]
2012,[]
2012,[]
2012,[]
2012,[]
2012,[]
2012,[]
2012,[]
2012,[]
2012,[]
2012,[]
2012,[]
2012,[]
2012,[]
2012,[]
2012,[]
2012,[captured]]
2012,[]
2012,[armed]]
2012,[rigged]
2012,[]
2012,[]
2012,[]
2012,[]
2012,[]
2012,[upset]]
2012,[]
2012,[]
2012,[reckless]]
2012,[honest]]
2012,[]
2012,[]
2012,[little]]
2012,[old]]
2012,[chartered]]
1976,[]
1976,[impoverished]]
1976,[]
1976,[dead]]
1976,[greedy]]
2012,[]
2012,"[young, charming]]"
2012,[optimistic]
2012,[]
2012,[]
2012,[disabled]]
2012,[]
2012,[]
2012,[]
2012,[]
2012,[]
2012,[]
1976,[]
1976,[]
1976,[young]]
1976,[]
1976,[]
1976,[]
1976,[]
1976,[]
1976,[]
1976,[]
1976,[]
1976,[]
1977,[]
1977,[]
1977,[flamboyant]]
1977,[]
1977,[]
1977,[]
2011,[]
2011,[]
2011,[]
2011,[]
1977,[]
1977,[]
2011,[]
2011,[]
2011,[]
2011,[]
2011,[]
2011,[heartless]]
2011,[]
2011,[]
2011,[]
2011,[]
2011,[]
2011,"[beautiful], young]]"
2011,[ambitious]
2011,[]
2011,[]
1977,[]
1977,[]
1977,[]
2010,[]
2010,[broken]]
2010,[]
2010,[]
2010,[successful]]
2010,[]
2010,[]
2010,[]
2010,[]
2010,[British]]
2010,[reclusive]]
2010,[elderly]]
2010,[]
2010,[]
2010,[]
2010,[]
2010,[]
2010,[]
2010,[]
2010,[]
2010,[]
2010,[]
2010,[evil]]
2010,[successful]]
2010,[]
2010,[]
2010,[real]]
2010,[]
2010,[]
2010,[]
2010,[]
2010,[local]]
2010,[]
2010,[]
2010,[ardent]]
2010,[]
2010,[]
2010,[]
2010,[]
2010,[]
2010,[wild]]
2010,[]
2010,[]
2010,[]
1979,[]
1979,[]
1979,[]
1979,[]
1979,[]
1979,[]
1979,[]
1979,[]
1979,[]
2009,[young]]
2009,[]
2009,[]
2009,[]
2009,[]
2009,[]
2009,[]
2009,[future]]
2009,[Aman]]
2009,[talented]]
2009,[]
2009,[]
2009,[]
2009,[]
2009,[]
2009,[]
2009,[]
2009,[]
2009,[]
2009,[]
2009,[]
2009,[]
2009,"[random, Arab]]"
2009,"[normal, rich]]"
2014,[alcoholic]
2014,[]
2014,[]
2014,[]
2014,[]
2014,[]
2014,[young]]
2014,[]
1979,[]
1979,[]
1979,[]
1979,[]
2014,[]
2014,[]
2014,[]
1980,[]
1980,[]
1980,[]
1980,[]
1980,[young]]
1980,[]
2014,[young]]
1980,[]
1980,[angry]]
1980,[]
1980,[benevolent]]
2014,[terrorist]]
2014,[]
2014,[]
2014,[]
2014,[]
2014,[]
2014,[]
2014,[aged]]
2014,[sudden]]
2014,[]
2014,[]
2014,[]
2014,[]
2014,[intelligent]]
2014,[adventurous]
2014,[]
2014,[]
2014,[]
2014,[]
2014,[]
2014,[]
2014,[]
2014,[]
2014,[]
2014,[]
2014,[]
2014,[]
2014,[]
2014,[royal]]
2014,[]
1980,[]
1980,"[big, old]]"
1980,[ancestral]
1980,[]
2014,[]
2014,[]
2014,[]
2014,[]
2014,[]
2014,[]
2014,[]
2014,[]
2014,[lucky]]
2014,[common]]
2014,[]
2014,[]
2014,[]
2014,[]
2014,[]
2014,[]
2014,[]
2014,[]
2014,[]
2014,[]
2014,[]
2014,[]
2014,[]
2014,[]
2014,[old]]
2014,[]
2014,[]
1980,[]
2014,[]
2014,[]
2014,[]
2014,[]
2014,[]
2014,[]
2014,[]
2014,[]
2014,[]
2014,[local]]
2014,[married]]
2014,"[miserably, fat, inner]]"
2014,[bearded]
2014,[]
2014,[]
2014,[average]]
2014,[]
2014,[]
2014,[old]]
2014,[]
2014,[]
2014,[]
2014,[]
2014,[]
2014,[]
2014,[]
2014,[]
2014,[previous]]
2014,[]
2014,[]
2014,[dead]]
2014,[]
2014,[]
2014,[]
2014,[blind]]
2014,[]
2014,[]
2014,[witty]]
2014,[]
2014,[]
2014,[]
2014,[]
2014,[]
2014,[]
2014,[]
2014,[]
2014,[]
2014,[]
2014,[local]]
2014,[studious]]
2014,[popular]]
1981,[mute]]
1981,[]
1981,[rich]]
1981,[proud]
1981,[]
1981,[]
1981,[]
1981,[]
1981,[]
1981,[]
1981,[]
1981,[]
2013,[disgraced]]
2013,[]
2013,[]
2013,[]
2013,[]
2013,[]
1981,[biological]]
1981,[favourite]]
1981,[]
2013,[]
2013,[]
1981,[]
1981,[]
1981,[]
1981,[]
1981,[]
1981,[]
1981,[]
1981,[]
2013,[]
2013,[]
2013,[]
2013,[]
2013,[]
2013,[]
2013,[]
2013,[]
2013,[honest]]
2013,[real]]
1981,[maternal]]
1981,[]
2013,[]
2013,[]
1982,[]
1982,[young]]
1982,[]
1982,[]
1982,[]
2013,[]
2013,[]
1982,[young]]
1982,[]
2013,[]
2013,[]
2013,[]
2013,[]
2013,[]
2013,[]
2013,[]
1982,[]
2013,[]
2013,[]
2013,[]
2013,[]
2013,[]
2013,[]
2013,[]
2013,[]
2013,[]
2013,[]
2013,[Kataria]]
2013,[]
2013,[]
2013,[]
2013,[]
1982,[]
1982,[]
2013,[]
2013,[]
2013,[]
2013,[great]]
2013,[]
2013,[]
2013,[]
2013,[]
2013,[]
2013,[]
2013,[]
2013,[]
2013,[]
2013,[]
2013,[]
2013,[]
2013,[]
2013,[]
2013,[]
2013,[]
2013,[old]]
2013,[Scared]]
2013,[]
2013,[]
2013,[]
2013,[]
2013,[]
2013,[]
2013,[young]]
2013,[]
2013,[]
2013,[]
2013,[]
2013,[]
2013,[]
2013,[]
2013,[silent]]
2013,[]
2013,[]
2013,[nearby]]
2013,[]
2013,[]
2013,[mole]]
2013,[]
2013,[]
2013,[]
2013,[]
2013,[]
2013,[arch]]
2013,[alive]]
2013,[]
2013,[]
2013,[]
2013,[]
1982,[]
1982,[]
1982,[]
1982,[]
1982,[]
1982,[]
1982,[]
1982,[]
1982,[]
1982,[]
1982,[]
1982,[]
1982,[]
1983,[]
1983,[]
1983,[]
1983,[]
1983,[]
1983,[]
1983,[late]]
1983,[corrupt]
1983,[]
1983,[]
1983,[]
1983,[]
1983,[]
1983,[]
1983,[]
1983,[]
1983,[long]]
1983,[lost]
1983,[]
1983,[]
1983,[]
1983,[]
1983,[]
1983,[twin]]
1983,[]
1983,[faithful]]
1983,[]
1983,[]
1983,[]
1983,[innocent]]
1984,[]
1984,[]
1984,[]
1984,[]
1984,[criminal]]
1984,[notorious]
1984,[second]]
1984,[young]]
1984,[]
1984,[]
1984,[]
1984,[]
1984,[senior]]
1984,[]
1984,[]
1984,[]
1984,[]
1984,[]
1984,[]
1984,[headstrong]]
1984,[young]
1984,[]
1984,[]
1984,[]
1984,[]
1984,[]
1984,[]
1984,[]
1984,[rich]]
1984,[]
1984,[]
1985,[worried]]
1985,[rich]
1985,[]
1985,[]
1985,[]
1985,[]
1985,[]
1985,[]
1985,[]
1985,[]
1985,[]
1985,[]
1985,[]
1985,[]
1985,[]
1985,[young]]
1985,[]
1985,[]
1985,[]
1985,[]
1985,[]
1985,[]
1985,[new]]
1985,[middle]]
1985,[]
1985,[]
1985,[]
1985,"[sensitive, overweight]]"
1985,[young]
1985,[]
1985,[]
1985,[]
1985,"[criminal, twin]]"
1985,[underworld]
1985,[]
1985,[]
1985,[]
1985,[]
1985,[]
1985,[]
1985,[]
1985,[]
1985,[]
1985,[]
1985,[]
2017,[]
2017,[ingenious]]
2017,[rightful]]
2017,[future]
2017,[]
2017,[]
2017,[]
2017,[]
2017,[]
2017,[]
2017,[]
2017,[]
2017,[notorious]]
2017,[]
2017,[]
2017,[]
2017,[]
2017,[]
2017,[]
2017,[]
2017,[]
2017,[]
2017,[]
2017,[]
2017,[]
2017,[]
2017,[]
2017,[]
2017,[]
2017,[]
2017,[]
2017,[]
2017,[]
2017,[]
2017,[]
2017,[]
2017,[]
2017,[horrified]]
2017,[]
2017,[]
2017,[young]]
2017,[blind]
2017,[]
2017,[]
2017,[]
2017,[good]]
2017,[]
2017,[fluent]]
2017,[poor]]
2017,[]
2017,[]
2017,[]
2017,[]
2017,[]
1987,[young]]
1987,[]
1987,[young]]
2017,[]
2017,[international]]
2017,[]
2017,[abusive]]
2017,[]
2017,[]
2017,[common]]
2017,[young]]
2017,[]
2017,[]
2017,[]
2017,[]
2017,[]
2017,[]
2017,[]
2017,[]
2017,[]
2017,[]
2017,[]
2017,[close]]
2017,[]
2017,[]
2017,[]
2017,[]
2017,[]
2017,[]
2017,[]
2017,[Unknown]]
2017,[]
2017,[]
2017,[]
2017,[]
2017,[]
2017,[]
1987,[]
1987,[]
1987,[]
1987,[rich]]
1987,[]
1987,[]
1987,[]
1987,[]
2017,[]
2017,[]
2017,[]
2017,[biological]]
2017,[rich]]
2017,[twin]]
2017,[old]]
2017,[]
2017,"[stubborn], dutiful]]"
2017,[reluctant]
2017,[]
2017,[]
2017,[]
2017,[]
2017,[irate]]
2017,[]
2017,[]
2017,[]
2017,[]
2017,[]
2017,[]
2017,[]
2017,[]
2017,[young]]
2017,[little]]
2017,[scared]
2017,[brave]]
2017,[]
2017,[wealthy]]
2017,[]
2017,[fierce]]
2017,[]
2017,[]
2017,[]
1987,[]
1987,[]
1987,[]
1987,[]
1987,[]
1987,[]
1987,[]
2017,[wrong]]
2017,[young]]
2017,[]
2017,[]
2017,[young]]
2017,[]
2017,[]
1987,[local]]
1987,[]
1987,[]
1987,[]
1987,[]
1987,[]
1987,[]
1987,[]
1987,[]
1987,[]
1987,[]
1987,[]
1987,[]
1987,[]
1987,[]
1987,[Christian]]
1987,[]
1987,[]
1988,[]
1988,[]
1988,[poor]]
1988,"[unemployed], poor, rich, wrong]]"
1988,[young]
1988,[alcoholic]]
1988,[wealthy]
1988,[]
1988,[identical]]
1988,[]
1988,[]
1988,[]
1988,[]
1988,[]
1988,[]
1988,[talented]]
1988,[]
1988,[young]]
1988,[]
1988,[]
1988,[]
1988,[]
1988,[]
1988,[]
1988,[]
1988,[young]]
1988,[]
1988,[]
1988,[]
1988,[]
1988,[]
1988,[]
1988,[]
1988,[vagabond]]
1988,[]
1988,[old]]
1988,[]
1989,[shabby]]
1989,[alcoholic]
1989,[]
1989,[powerful]]
1989,[]
1989,[cruel]]
1990,[]
1990,[]
1990,[]
1990,[]
1990,[]
1990,[]
1990,[]
1990,[]
1990,[]
1990,[young]]
1990,[scheming]]
1990,[]
1990,[]
1990,[]
1990,[young]]
1990,[]
1990,[]
1991,[]
1991,[]
1991,[twin]]
1991,[young]]
1991,[]
1991,[]
1991,[]
1991,[honest]]
1991,[vengeful]
1991,[]
1991,[]
1991,[]
1991,[]
1991,[]
1991,[]
1991,[]
1991,[]
1991,[]
1991,[]
1991,[]
1991,[]
1991,[]
1991,[]
1991,[poor]]
1991,[]
1991,[]
1991,[]
1991,[sympathetic]]
1991,[distraught]]
1991,[]
1991,[]
1991,[]
1991,[]
1991,[]
1992,[]
1992,[]
1992,[injured]]
1992,[]
1992,[]
1992,[]
1992,[]
1992,[]
1992,[]
1992,[successful]]
1992,[]
1992,[]
1992,[]
1992,[lookalike]]
1992,[]
1992,[dead]]
1992,[young]]
1992,[]
1992,[]
1992,[local]]
1992,[]
1992,[]
1992,[]
1992,[]
1992,[]
1992,[]
1992,[senior]]
1992,[]
1992,[]
1992,[]
1992,[]
1992,[]
1992,[]
1992,[]
1992,[ancient]]
1992,[]
1992,[]
1992,[apprehend]]
1992,[]
1992,[]
1992,[]
1992,[]
1992,[honorable]]
1992,[]
1992,[]
1992,[]
1993,[]
1993,[]
1993,[]
1993,[]
1993,[]
1993,[young]]
1993,[]
1993,[]
1993,[]
1993,[]
1993,[]
1993,[]
1993,"[young], charming, artistic, eccentric]]"
1993,[English]
1993,[illiterate]]
1993,[]
1993,[]
1993,[]
1993,[]
1993,[]
1993,[]
1993,[]
1993,[rich]]
1993,[]
1993,[]
1993,[Indian]]
1993,[]
1993,[]
1993,[]
1993,[]
1993,[]
1993,[]
1993,[]
1993,[]
1993,[]
1993,[]
1993,[]
1993,[]
1993,[]
1993,[]
1993,[icy]]
1993,[strict]
1993,[]
1993,[young]]
1993,[]
1993,[]
1993,[local]]
1993,[]
1993,[]
1993,[widowed]]
1993,[]
1993,[honest]]
1993,[]
1993,[]
1993,[]
1993,[]
1993,[]
1993,[]
1993,[]
1993,[]
1993,[]
1993,[]
1993,[]
1993,[]
1993,[]
1993,[]
1996,[single]]
1996,[]
1996,[sunny]]
1996,[good]]
1996,[]
2016,[]
2016,[]
2016,[]
2016,[]
2016,[]
2016,[]
2016,[]
2016,[Iraqi]]
2016,[]
2016,[]
2016,[Indian]]
2016,[]
2016,[]
2016,[]
2016,[]
2016,[]
2016,[]
2016,[real]]
2016,[]
1996,[]
1996,[]
1996,[]
1996,[]
2016,[]
2016,[]
2016,[]
1996,[]
1996,[]
2016,[]
2016,[secret]]
2016,[]
2016,[]
2016,[]
2016,[respectable]]
2016,[]
2016,[]
2016,[]
2016,[]
2016,[]
2016,[tired]]
2016,[upright]]
2016,[]
2016,[]
2016,[]
2016,[]
2016,[]
2016,[]
2016,[]
2016,[]
2016,[]
2016,[old]]
2016,[sloshed]]
2016,[]
2016,[]
2016,[]
2016,[]
2016,[]
2016,[]
1996,[]
1996,[]
2016,[young]]
2016,[]
2016,[]
2016,[]
2016,[]
2016,[]
2016,[]
1996,[]
1996,[]
1996,[]
1996,[]
1996,[]
1996,[]
1996,[]
2016,[]
2016,[]
2016,[]
2016,[]
2016,[]
2016,[]
2016,[]
2016,[]
2016,[]
2016,[]
2016,[]
2016,[]
2016,[]
2016,[]
2016,[]
2016,[]
2016,[]
1996,[]
1996,[]
2016,[]
2016,[fellow]]
2016,[real]]
2016,[horrified]
2016,[principal]]
2016,[]
2016,[]
2016,[]
2016,[]
2016,[]
2016,[little]]
2016,[]
2016,[influential]]
2016,[]
1996,[]
1996,[]
1996,[]
2016,[]
2016,[]
2016,[Disgraced]]
2016,[]
2016,[]
2016,[]
2016,[trainee]]
2016,[]
2016,[]
2016,[]
2016,[]
2016,[]
2016,[]
2016,[]
2016,[]
2016,[]
2016,[]
2016,[bookie]]
2016,[young]]
2016,[]
2016,[]
2016,[]
2016,[]
2016,[abusive]]
2016,[devastating]]
2016,[loving]]
2016,[]
2016,[]
2016,[innocent]]
2016,[old]]
2016,[]
2016,[]
2016,[]
2016,[]
2016,[senior]]
2016,[]
2016,[]
2016,[]
2016,[]
2016,[]
2016,[]
2016,[actual]]
2016,[]
2016,[]
2016,[]
2016,[]
2016,[]
2016,[]
2016,[]
2016,[rival]]
2016,[old]
2016,[]
2016,[old]]
2016,[old]]
2016,[precocious]
2016,[]
2016,[]
2016,[]
2016,[]
2016,[]
2016,[]
2016,[]
2016,[]
2016,[]
2016,[]
2016,[]
2016,[]
2016,[]
2016,[elderly]]
2016,[]
2016,[reformed]]
2016,[]
2016,[]
2016,[]
2016,[]
1996,[innocent]]
1996,[]
1996,[]
1996,[]
2016,[]
2016,[]
1996,[]
1996,[]
1996,"[drunken, mysterious, drunkard]]"
1996,[powerful]
1996,[]
2016,[]
2016,[newborn]]
2016,[]
2016,[close]]
2016,[mixed]]
2016,[]
2016,[]
2016,[]
2016,[]
2016,[old]]
2016,[]
2016,[]
2016,[]
2016,[]
2016,[]
2016,[]
2016,[]
2016,[]
2016,[]
2016,[]
2016,[superior]]
2016,[current]]
2016,[special]]
2016,[assistant]]
2016,[]
2016,[imposterly]]
2016,[]
2016,[]
2016,[]
2016,[]
2016,[]
2016,[]
2016,[]
2016,[]
2016,[young]]
2016,[]
2016,[]
2016,[]
2016,[]
2016,[]
2016,[Indian]]
2016,[]
2016,[]
2016,[Happy]]
2016,[]
2016,[]
2016,[]
2016,[]
2016,[]
2016,[]
2016,[]
2016,[]
2016,[]
2016,[]
2016,[]
2016,[]
2016,[]
2016,[]
2016,[]
2016,[]
2016,[happy]]
2016,[]
2016,[]
2016,[]
2016,[]
2016,[]
2016,[]
2016,[annoyed]]
2016,[poor]]
2016,[]
2016,[]
2016,[]
2016,[]
2016,[]
1996,[]
1996,[]
1996,"[young, wrong]]"
1996,[handsome]
1996,[]
2016,[old]]
2016,[]
2016,[]
2016,[teenage]]
2016,[]
2016,[]
2016,[]
1997,[]
1997,[]
2016,[]
2016,[]
2016,[]
2016,[]
2016,[]
2016,[]
2016,[]
1997,[]
1997,[]
1997,[]
2016,[]
2016,[]
2016,[giant]]
1997,[]
1997,[]
1997,[Indian]]
1997,[]
1997,[]
1997,[shaken]]
1997,[]
1997,[]
1997,[]
1997,[charismatic]]
1997,[patriotic]]
1997,[]
1997,[]
1997,[]
2016,[]
2016,[]
2016,[]
2016,[]
2016,[]
2016,[]
2016,[]
2016,[]
2016,[]
2016,[]
2016,[]
2016,[]
2016,[]
2016,[]
2016,[]
2016,[]
2016,[]
2016,[real]]
2016,[]
2016,[]
2016,[]
2016,[]
2016,[]
2016,[senior]]
2016,[]
2016,[unknown]]
2016,[]
2016,[]
2016,[]
2016,[]
2016,[]
2016,[]
2016,[]
2016,[]
2016,[old]]
2016,[]
2016,[]
2016,[]
2016,[]
2016,[ageing]]
2016,[unborn]]
2016,[]
1997,[]
1997,[]
1997,[distracting]]
1997,[]
1997,[]
1997,[]
1997,[]
1997,[]
1997,[]
1997,[]
1997,[]
1997,[]
1997,[]
1997,[married]]
1997,[]
1997,[]
1997,[reluctant]]
1997,[]
1997,[new]]
1997,[]
1997,[honest]]
1997,[]
1997,[small]]
1997,[]
1997,[]
1997,[powerful]]
1997,[]
1997,[future]]
1997,[]
1997,[]
1997,[]
1997,[]
1997,[]
1997,[]
1997,[]
1997,[]
1997,[]
1997,[]
1997,[]
1997,[enraged]]
1997,[rival]]
1997,[]
1997,[]
1997,[superior]]
1997,[]
1997,[]
1997,[]
1997,[]
1998,[]
1998,[]
1998,[]
1998,[]
1998,[]
1998,[]
1998,[]
1998,[]
1998,[]
1998,[]
1998,[]
1998,[]
1998,[]
1998,[]
1998,[]
1998,[]
1998,[violent]]
1998,[]
1998,[]
1998,[]
1998,[]
1998,[]
1998,[]
1998,[lookalike]]
1998,[]
1998,[]
1998,[]
1998,[]
1998,[]
1998,[]
1998,[]
1998,[twin]]
1998,[identical]
1998,[]
1998,[]
1998,[]
1998,[]
1998,[young]]
1998,[]
1998,[]
1998,[blinded]]
1998,[hungry]
1998,[]
1998,[]
1998,[]
1998,[]
1998,[]
1998,[]
1998,[late]]
1998,[]
1998,[]
1998,[]
1998,[twin]]
1998,[]
1998,[]
1998,[]
1998,[]
1998,[]
1998,[]
1998,[]
1998,[honest]]
1998,[]
1998,[]
1998,[]
1998,[]
1998,[]
1998,[]
1998,[]
1999,[]
1999,[]
1999,[rogue]]
1999,[peaceful]]
1999,[]
1999,[]
1999,[]
1999,[]
1999,[upright]]
1999,[obstinate]]
1999,[]
1999,[]
1999,[]
1999,[]
1999,[]
1999,[]
1999,[neighboring]]
1999,[Muslim]]
1999,[old]]
1999,[]
1999,[]
1999,[]
1999,[]
1999,[]
1999,[quiet]]
1999,[simple]
1999,[]
1999,[]
1999,[]
1999,[]
1999,[]
1999,[young]]
1999,[]
1999,[]
1999,[married]]
1999,[]
1999,[]
1999,[]
1999,[]
1999,[]
1999,[]
1999,[]
1999,[loyal]]
1999,[honest]]
1999,[]
1999,[]
1999,[]
1999,[]
1999,[]
1999,[]
1999,[]
1999,[]
1999,[]
1999,[notorious]]
1999,[]
1999,[]
1999,[]
1999,[]
1999,[]
1999,[]
1999,[]
1999,[wealthy]]
1999,[]
1999,[]
1999,[young]]
1999,[]
1999,[]
1999,[]
1999,[]
1999,[unemployed]]
1999,[]
1999,[middle]]
1999,[]
1999,[]
2000,[young]]
2000,[]
2000,[]
2000,[]
2000,[]
2000,[]
2000,[]
2000,[]
2000,[]
2000,[]
2000,[]
2000,[]
2000,[Indian]]
2000,[common]
2000,[]
2000,[]
2000,[]
2000,[]
2015,[]
2015,[]
2015,[]
2000,[]
2000,[]
2000,[]
2000,[]
2000,"[young, angry, adult]]"
2000,[unconscious]
2000,[weary]]
2000,[young]]
2000,[]
2000,[]
2000,[]
2000,[]
2000,[]
2015,[]
2000,[]
2000,[]
2000,[old]]
2000,[]
2000,[]
2000,[]
2000,[]
2000,[]
2000,[]
2015,[]
2015,[stupid]]
2001,[]
2001,[]
2001,[]
2001,[]
2001,"[flattered], fatally, simple]]"
2001,[wounded]
2001,[]
2015,[]
2001,[happy]]
2001,[]
2001,[]
2001,[]
2001,[]
2001,[]
2001,[]
2015,[]
2015,[]
2015,[protective]]
2015,[]
2015,[]
2001,[]
2001,[]
2001,[]
2001,[]
2001,[]
2001,[]
2001,[]
2015,[young]]
2015,[furious]]
2015,[elder]
2015,[]
2015,[]
2015,[]
2015,[]
2015,[]
2015,[]
2015,[]
2015,[principal]]
2015,[]
2015,[]
2015,[]
2015,[]
2015,[]
2001,[]
2015,[old]]
2001,[]
2001,[]
2001,[]
2001,[]
2001,[]
2001,[]
2001,[]
2001,[]
2015,[]
2015,[]
2015,[]
2015,[]
2015,[]
2015,[]
2015,[]
2015,[]
2015,[]
2001,[]
2001,[]
2001,[]
2001,[]
2001,[]
2001,[]
2001,[]
2001,[]
2001,[]
2001,[]
2001,[]
2001,[]
2001,[]
2001,[]
2001,[]
2001,[]
2001,[]
2001,[]
2001,[]
2001,[]
2001,[]
2001,[]
2002,[]
2002,[]
2002,[]
2002,[]
2002,[]
2002,[]
2002,[]
2002,[young]]
2002,[Scottish]
2002,[]
2002,[]
2002,[]
2002,[young]]
2002,[]
2002,[]
2002,[]
2002,[]
2002,[]
2002,[]
2002,[]
2002,[]
2002,[]
2002,[]
2002,[]
2002,[]
2002,[]
2002,[]
2002,[]
2002,[]
2002,[Indian]]
2002,[]
2002,[unable]]
2002,[]
2002,[]
2002,[engagement]]
2002,[]
2002,[]
2002,[]
2002,[]
2002,[]
2002,[]
2002,[]
2002,[]
2002,[]
2002,[]
2002,[humiliated]]
2002,[]
2002,[]
2002,[]
2002,[]
2002,[]
2002,[]
2002,[]
2002,[]
2002,[]
2002,[]
2002,[]
2002,[]
2002,[]
2003,[carefree]]
2003,[]
2003,[famous]]
2003,[]
2003,[]
2003,[real]]
2003,[]
2003,[]
2003,[]
2003,[]
2003,[wealthy]]
2003,[fearful]]
2003,[]
2003,[]
2003,[]
2003,[]
2003,[happy]]
2003,[]
2003,[]
2003,[]
2003,[]
2003,[]
2003,[]
2003,[]
2003,[]
2003,[]
2003,[]
2003,[]
2003,[]
2003,[]
2003,[]
2003,[]
2003,[]
2004,[]
2004,[]
2004,[]
2004,[]
2004,[]
2004,[]
2004,[]
2004,[]
2004,[]
2004,[]
2004,[]
2004,[]
2004,[]
2004,[]
2004,[]
2004,[]
2004,[]
2004,[]
2004,[]
2004,[]
2004,[]
2004,[]
2004,[Indian]]
2004,[senior]
2004,[]
2004,[influential]]
2004,[]
2004,[young]]
2004,[]
2004,[]
2004,[]
2004,[]
2004,[]
2004,[]
2004,[rejuvenated]]
2004,[]
2004,[]
2004,[]
2004,[]
2004,[]
2004,[]
2004,[]
2004,[]
2004,[handicapped]]
2004,[]
2004,[little]]
2004,[]
2004,[]
2004,[]
2004,[]
2005,[]
2005,[young]]
2005,[]
2005,[Indian]]
2005,[]
2005,[whimsical]]
2005,[irate]
2005,[]
2005,[]
2005,[]
2005,[]
2005,[]
2005,[]
2005,[]
2005,[]
2005,[]
2005,[]
2005,[]
2005,[confront]]
2005,[]
2005,[]
2005,[]
2005,[]
2005,[]
2005,[]
2005,[]
2005,[adopted]]
2005,[shocked]]
2005,[powerful]]
2005,[]
2005,[]
2005,[]
2005,[mere]]
2005,[]
2005,[second]]
2005,[]
2005,[]
2005,[]
2005,[]
2005,[]
2005,[]
2005,[]
2005,[]
2005,[]
2005,[]
2005,[]
2005,[]
2005,[]
2005,[]
2005,[]
2005,[Indian]]
2005,[retired]]
2005,[]
2005,[]
2005,[]
2005,[]
2005,[]
2005,[]
2005,[]
2005,[]
2005,[]
2005,[]
2005,[]
2005,[]
2005,[]
2005,[]
2005,[]
2005,[]
2005,[fast]]
2005,[]
2005,[]
2005,[]
2006,[]
2006,[]
2006,[]
2006,[]
2006,[]
2006,[good]]
2006,[]
2006,[]
2006,[]
2006,[]
2006,[sweet]]
2006,"[healthy, old]]"
2006,[stupid]
2006,[]
2006,[]
2006,[]
2006,[]
2006,[conservative]]
2006,[]
2006,[assistant]]
2006,[old]]
2006,[]
2006,[]
2006,[]
2006,[]
2006,[angry]]
2006,[]
2006,[]
2006,[]
2006,[]
2006,[]
2006,[]
2006,[]
2006,[]
2006,[]
2006,[]
2006,[associate]]
2006,[creepy]]
2006,[]
2006,[]
2006,[]
2006,[Raj]]
2006,[]
2006,[]
2006,[]
2006,[uncomfortable]]
2006,[]
2006,[]
2006,[]
2006,[]
2006,[]
2006,[]
2006,[second]]
2006,[]
2006,[]
2006,[wealthy]]
2006,[]
2006,[]
2006,[]
2006,[married]]
2006,[]
2006,[]
2006,[]
2006,[]
2006,[]
2006,[]
2006,[rich]]
2006,[]
2006,[incapacitated]]
2006,[]
2006,[]
2006,[mysterious]]
2006,[hooded]
2006,[]
2006,[]
2006,[]
2006,[]
2006,[]
2006,[adopted]]
2006,[responsible]]
2007,[]
2007,[]
2007,[]
2007,[Indian]]
2007,[]
2007,[]
2007,[]
2007,[]
2007,[]
2007,[]
2007,[]
2007,[previous]]
2007,[]
2007,[]
2007,[]
2007,[bright]]
2007,[young]
2007,[Indian]]
2007,[]
2007,[assistant]]
2007,[]
2007,[]
2007,[]
2007,[young]]
2007,[straightforward]]
2007,[young]]
2007,[]
2007,[]
2007,[]
2007,[]
2007,[angry]]
2007,[]
2007,[adult]]
2007,[]
2007,[favorite]]
2007,[]
2007,[]
2007,[]
2007,[unemployed]]
2007,[]
2007,[]
2007,[]
2007,[]
2007,[dreaded]]
2007,[]
2007,[]
2007,[]
2007,[]
2007,[]
2007,[bad]]
2007,[]
2007,[]
2007,[]
2007,[]
2007,[]
2007,[]
2007,[]
2007,[]
2007,[]
2007,[]
2007,[]
2007,[]
2007,[beautiful]]
2007,[young]]
2007,[]
2007,[common]]
2007,[]
2007,[]
2007,[]
2007,[kissing]]
2007,[close]]
2007,[]
2007,"[armed, regular]]"
2007,[middle]
2007,[]
2007,[]
2008,[]
2008,[]
2008,[]
2008,[]
2008,[]
2008,[]
2008,[]
2008,[]
2008,[rich]]
2008,[]
2008,[]
2008,[]
2008,[]
2008,[]
2008,[]
2008,[]
2008,[]
2008,[reluctant]]
2008,[]
2008,[reluctant]]
2008,[]
2008,[]
1971,[]
1971,[]
1971,[]
1971,[]
1971,[widowed]]
1971,[]
